CC,DT,FF,ET,TEMP,VP,WDF,LUMPY
67.6,7.4,20.52,0.9,2.7,5,11.9,1
65.9,6.8,5.85,1.1,8.2,6.9,13.17,1
61.4,7.6,1.11,1.5,11.6,7.5,11.75,1
65.9,6.8,5.85,1.1,8.2,6.9,13.17,1
65.9,6.8,5.85,1.1,8.2,6.9,13.17,1
67.6,7.4,20.52,0.9,2.7,5,11.9,1
67.6,7.4,20.52,0.9,2.7,5,11.9,1
69.6,7.2,24.03,0.8,0.7,4.7,12.69,1
65.9,6.8,5.85,1.1,8.2,6.9,13.17,1
61.4,7.6,1.11,1.5,11.6,7.5,11.75,1
65.9,6.8,5.85,1.1,8.2,6.9,13.17,1
61.4,7.6,1.11,1.5,11.6,7.5,11.75,1
61.4,6.7,2.31,1.4,10.1,6.9,11.07,1
65.9,6.8,5.85,1.1,8.2,6.9,13.17,1
69.6,7.2,24.03,0.8,0.7,4.7,12.69,1
69.5,7.5,23.21,0.8,1.6,5,12.18,1
44,11.7,5.85,1.6,10.6,9.6,6.08,1
44,11.7,5.85,1.6,10.6,9.6,6.08,1
44,11.7,5.85,1.6,10.6,9.6,6.08,1
44,11.7,5.85,1.6,10.6,9.6,6.08,1
44,11.7,5.85,1.6,10.6,9.6,6.08,1
44,11.7,5.85,1.6,10.6,9.6,6.08,1
44,11.7,5.85,1.6,10.6,9.6,6.08,1
44,11.4,4.64,1.6,11.1,10,6.13,1
48.4,9.8,3.22,1.3,11.1,9,9.46,1
44,11.4,4.64,1.6,11.1,10,6.13,1
44,11.4,4.64,1.6,11.1,10,6.13,1
44,11.4,4.64,1.6,11.1,10,6.13,1
54.5,10.3,10.02,1,8.1,8.5,13.97,1
54.5,10.3,10.02,1,8.1,8.5,13.97,1
69.6,7.2,24.03,0.8,0.7,4.7,12.69,1
70.5,5.9,3.06,1.4,9.2,8.1,15.46,1
61.4,7.6,1.11,1.5,11.6,7.5,11.75,1
65.9,6.8,5.85,1.1,8.2,6.9,13.17,1
65.9,6.8,5.85,1.1,8.2,6.9,13.17,1
65.9,6.8,5.85,1.1,8.2,6.9,13.17,1
65.9,6.8,5.85,1.1,8.2,6.9,13.17,1
61.4,7.6,1.11,1.5,11.6,7.5,11.75,1
67.6,7.4,20.52,0.9,2.7,5,11.9,1
65.9,6.8,5.85,1.1,8.2,6.9,13.17,1
61.4,7.6,1.11,1.5,11.6,7.5,11.75,1
65.9,6.8,5.85,1.1,8.2,6.9,13.17,1
65.9,6.8,5.85,1.1,8.2,6.9,13.17,1
65.9,6.8,5.85,1.1,8.2,6.9,13.17,1
70.5,5.9,3.06,1.4,9.2,8.1,15.46,1
65.9,6.8,5.85,1.1,8.2,6.9,13.17,1
65.9,6.8,5.85,1.1,8.2,6.9,13.17,1
54.5,10.3,10.02,1,8.1,8.5,13.97,1
54.5,10.3,10.02,1,8.1,8.5,13.97,1
72.1,7.2,27.23,0.6,-2.4,3.8,13.1,1
65.9,6.8,5.85,1.1,8.2,6.9,13.17,1
61.1,7.6,0.11,1.7,13.1,10.7,16.59,1
61.1,7.6,0.11,1.7,13.1,10.7,16.59,1
61.1,7.6,0.11,1.7,13.1,10.7,16.59,1
61.1,7.6,0.11,1.7,13.1,10.7,16.59,1
61.1,7.6,0.11,1.7,13.1,10.7,16.59,1
61.1,7.6,0.11,1.7,13.1,10.7,16.59,1
61.1,7.6,0.11,1.7,13.1,10.7,16.59,1
61.1,7.6,0.11,1.7,13.1,10.7,16.59,1
61.1,7.6,0.11,1.7,13.1,10.7,16.59,1
61.1,7.6,0.11,1.7,13.1,10.7,16.59,1
61.1,7.6,0.11,1.7,13.1,10.7,16.59,1
61.1,7.6,0.11,1.7,13.1,10.7,16.59,1
61.1,7.6,0.11,1.7,13.1,10.7,16.59,1
61.1,7.6,0.11,1.7,13.1,10.7,16.59,1
61.1,7.6,0.11,1.7,13.1,10.7,16.59,1
61.1,7.6,0.11,1.7,13.1,10.7,16.59,1
61.1,8.4,5.23,1.5,9.3,8.7,14.33,1
61.1,8.4,5.23,1.5,9.3,8.7,14.33,1
61.1,8.4,5.23,1.5,9.3,8.7,14.33,1
61.1,8.4,5.23,1.5,9.3,8.7,14.33,1
61.1,8.4,5.23,1.5,9.3,8.7,14.33,1
61.1,8.4,5.23,1.5,9.3,8.7,14.33,1
61.1,8.4,5.23,1.5,9.3,8.7,14.33,1
61.1,8.4,5.23,1.5,9.3,8.7,14.33,1
61.1,8.4,5.23,1.5,9.3,8.7,14.33,1
61.1,8.4,5.23,1.5,9.3,8.7,14.33,1
61.1,8.4,5.23,1.5,9.3,8.7,14.33,1
61.1,8.4,5.23,1.5,9.3,8.7,14.33,1
61.1,8.4,5.23,1.5,9.3,8.7,14.33,1
61.1,8.4,5.23,1.5,9.3,8.7,14.33,1
61.1,8.4,5.23,1.5,9.3,8.7,14.33,1
61.1,8.4,5.23,1.5,9.3,8.7,14.33,1
65.9,6.8,5.85,1.1,8.2,6.9,13.17,1
65.9,6.8,5.85,1.1,8.2,6.9,13.17,1
65.9,6.8,5.85,1.1,8.2,6.9,13.17,1
70.5,5.9,3.06,1.4,9.2,8.1,15.46,1
70.5,5.9,3.06,1.4,9.2,8.1,15.46,1
65.9,6.8,5.85,1.1,8.2,6.9,13.17,1
65.9,6.8,5.85,1.1,8.2,6.9,13.17,1
69.2,6.8,25.47,0.7,-0.8,4.2,11.42,1
72,8.2,28.84,0.6,-3.9,3.4,11.59,1
62.9,8.3,18.45,1,4,6,10.89,1
70.9,8.3,28.25,0.7,-3,3.5,12.69,1
66.6,7.3,15.52,1,4.5,5.8,11.88,1
41,10.3,0,2.3,15.5,12.3,2.73,1
33.8,13.1,1.66,2.7,13.8,10.2,1.04,1
40.1,10.4,0,2.2,15.3,12.2,2.23,1
33.8,13.1,1.66,2.7,13.8,10.2,1.04,1
40.1,10.4,0,2.2,15.3,12.2,2.23,1
40.1,11.2,0.15,2.1,14.8,11.9,1.49,1
44,11.4,4.64,1.6,11.1,10,6.13,1
44,11.4,4.64,1.6,11.1,10,6.13,1
54.5,10.3,10.02,1,8.1,8.5,13.97,1
44,11.4,4.64,1.6,11.1,10,6.13,1
44,11.4,4.64,1.6,11.1,10,6.13,1
44,11.4,4.64,1.6,11.1,10,6.13,1
44,11.4,4.64,1.6,11.1,10,6.13,1
54.5,10.3,10.02,1,8.1,8.5,13.97,1
54.5,10.3,10.02,1,8.1,8.5,13.97,1
44,11.7,5.85,1.6,10.6,9.6,6.08,1
44,11.4,4.64,1.6,11.1,10,6.13,1
54.5,10.3,10.02,1,8.1,8.5,13.97,1
71.8,7.5,28.32,0.6,-3.5,3.4,11.6,1
54.5,8.5,27.14,0.6,-1.6,4.4,10.8,1
70.9,8.3,28.25,0.7,-3,3.5,12.69,1
62.9,8.3,18.45,1,4,6,10.89,1
57.2,8.1,0.15,1.7,13.2,11,15.38,1
39.9,10.9,2.17,2.2,12.3,9.3,7.44,1
57.2,8.1,0.15,1.7,13.2,11,15.38,1
57.2,8.1,0.15,1.7,13.2,11,15.38,1
57.2,8.1,0.15,1.7,13.2,11,15.38,1
39.9,10.9,2.17,2.2,12.3,9.3,7.44,1
57.2,8.1,0.15,1.7,13.2,11,15.38,1
57.2,8.1,0.15,1.7,13.2,11,15.38,1
57.2,8.1,0.15,1.7,13.2,11,15.38,1
57.2,8.1,0.15,1.7,13.2,11,15.38,1
39.9,10.9,2.17,2.2,12.3,9.3,7.44,1
39.9,10.9,2.17,2.2,12.3,9.3,7.44,1
57.2,8.1,0.15,1.7,13.2,11,15.38,1
39.9,10.9,2.17,2.2,12.3,9.3,7.44,1
57.2,8.1,0.15,1.7,13.2,11,15.38,1
39.9,10.9,2.17,2.2,12.3,9.3,7.44,1
39.9,10.9,2.17,2.2,12.3,9.3,7.44,1
57.2,8.1,0.15,1.7,13.2,11,15.38,1
39.9,10.9,2.17,2.2,12.3,9.3,7.44,1
39.9,10.9,2.17,2.2,12.3,9.3,7.44,1
39.9,10.9,2.17,2.2,12.3,9.3,7.44,1
57.2,8.1,0.15,1.7,13.2,11,15.38,1
57.2,8.1,0.15,1.7,13.2,11,15.38,1
57.2,8.1,0.15,1.7,13.2,11,15.38,1
57.2,8.1,0.15,1.7,13.2,11,15.38,1
57.2,8.1,0.15,1.7,13.2,11,15.38,1
39.9,10.9,2.17,2.2,12.3,9.3,7.44,1
57.2,8.1,0.15,1.7,13.2,11,15.38,1
57.2,8.1,0.15,1.7,13.2,11,15.38,1
57.2,8.1,0.15,1.7,13.2,11,15.38,1
57.2,8.1,0.15,1.7,13.2,11,15.38,1
57.2,8.1,0.15,1.7,13.2,11,15.38,1
57.2,8.1,0.15,1.7,13.2,11,15.38,1
57.2,8.1,0.15,1.7,13.2,11,15.38,1
57.2,8.1,0.15,1.7,13.2,11,15.38,1
57.2,8.1,0.15,1.7,13.2,11,15.38,1
57.2,8.1,0.15,1.7,13.2,11,15.38,1
57.2,8.1,0.15,1.7,13.2,11,15.38,1
57.2,8.1,0.15,1.7,13.2,11,15.38,1
57.2,8.1,0.15,1.7,13.2,11,15.38,1
57.2,8.1,0.15,1.7,13.2,11,15.38,1
57.2,8.1,0.15,1.7,13.2,11,15.38,1
57.2,8.1,0.15,1.7,13.2,11,15.38,1
49.2,10.2,0.19,2.1,14.2,10.9,13.46,1
57.2,8.1,0.15,1.7,13.2,11,15.38,1
39.9,10.9,2.17,2.2,12.3,9.3,7.44,1
57.2,8.1,0.15,1.7,13.2,11,15.38,1
57.2,8.1,0.15,1.7,13.2,11,15.38,1
57.2,8.1,0.15,1.7,13.2,11,15.38,1
57.2,8.1,0.15,1.7,13.2,11,15.38,1
57.2,8.1,0.15,1.7,13.2,11,15.38,1
39.9,10.9,2.17,2.2,12.3,9.3,7.44,1
57.2,8.1,0.15,1.7,13.2,11,15.38,1
57.2,8.1,0.15,1.7,13.2,11,15.38,1
57.2,8.1,0.15,1.7,13.2,11,15.38,1
57.2,8.1,0.15,1.7,13.2,11,15.38,1
57.2,8.1,0.15,1.7,13.2,11,15.38,1
57.2,8.1,0.15,1.7,13.2,11,15.38,1
57.2,8.1,0.15,1.7,13.2,11,15.38,1
57.2,8.1,0.15,1.7,13.2,11,15.38,1
57.2,8.1,0.15,1.7,13.2,11,15.38,1
57.2,8.1,0.15,1.7,13.2,11,15.38,1
57.2,8.1,0.15,1.7,13.2,11,15.38,1
57.2,8.1,0.15,1.7,13.2,11,15.38,1
57.2,8.1,0.15,1.7,13.2,11,15.38,1
57.2,8.1,0.15,1.7,13.2,11,15.38,1
57.2,8.1,0.15,1.7,13.2,11,15.38,1
57.2,8.1,0.15,1.7,13.2,11,15.38,1
57.2,8.1,0.15,1.7,13.2,11,15.38,1
57.2,8.1,0.15,1.7,13.2,11,15.38,1
57.2,8.1,0.15,1.7,13.2,11,15.38,1
57.2,8.1,0.15,1.7,13.2,11,15.38,1
57.2,8.1,0.15,1.7,13.2,11,15.38,1
57.2,8.1,0.15,1.7,13.2,11,15.38,1
57.2,8.1,0.15,1.7,13.2,11,15.38,1
57.2,8.1,0.15,1.7,13.2,11,15.38,1
57.2,8.1,0.15,1.7,13.2,11,15.38,1
57.2,8.1,0.15,1.7,13.2,11,15.38,1
57.2,8.1,0.15,1.7,13.2,11,15.38,1
57.2,8.1,0.15,1.7,13.2,11,15.38,1
57.2,8.1,0.15,1.7,13.2,11,15.38,1
57.2,8.1,0.15,1.7,13.2,11,15.38,1
57.2,8.1,0.15,1.7,13.2,11,15.38,1
57.2,8.1,0.15,1.7,13.2,11,15.38,1
57.2,8.1,0.15,1.7,13.2,11,15.38,1
57.2,8.1,0.15,1.7,13.2,11,15.38,1
49.2,10.2,0.19,2.1,14.2,10.9,13.46,1
49.2,10.2,0.19,2.1,14.2,10.9,13.46,1
39.9,10.9,2.17,2.2,12.3,9.3,7.44,1
39.9,10.9,2.17,2.2,12.3,9.3,7.44,1
57.2,8.1,0.15,1.7,13.2,11,15.38,1
57.2,8.1,0.15,1.7,13.2,11,15.38,1
57.2,8.1,0.15,1.7,13.2,11,15.38,1
57.2,8.1,0.15,1.7,13.2,11,15.38,1
57.2,8.1,0.15,1.7,13.2,11,15.38,1
57.2,8.1,0.15,1.7,13.2,11,15.38,1
57.2,8.1,0.15,1.7,13.2,11,15.38,1
57.2,8.1,0.15,1.7,13.2,11,15.38,1
57.2,8.1,0.15,1.7,13.2,11,15.38,1
57.2,8.1,0.15,1.7,13.2,11,15.38,1
39.9,10.9,2.17,2.2,12.3,9.3,7.44,1
39.9,10.9,2.17,2.2,12.3,9.3,7.44,1
57.2,8.1,0.15,1.7,13.2,11,15.38,1
57.2,8.1,0.15,1.7,13.2,11,15.38,1
57.2,8.1,0.15,1.7,13.2,11,15.38,1
57.2,8.1,0.15,1.7,13.2,11,15.38,1
57.2,8.1,0.15,1.7,13.2,11,15.38,1
57.2,8.1,0.15,1.7,13.2,11,15.38,1
57.2,8.1,0.15,1.7,13.2,11,15.38,1
57.2,8.1,0.15,1.7,13.2,11,15.38,1
57.2,8.1,0.15,1.7,13.2,11,15.38,1
57.2,8.1,0.15,1.7,13.2,11,15.38,1
57.2,8.1,0.15,1.7,13.2,11,15.38,1
57.2,8.1,0.15,1.7,13.2,11,15.38,1
57.2,8.1,0.15,1.7,13.2,11,15.38,1
57.2,8.1,0.15,1.7,13.2,11,15.38,1
57.2,8.1,0.15,1.7,13.2,11,15.38,1
57.2,8.1,0.15,1.7,13.2,11,15.38,1
57.2,8.1,0.15,1.7,13.2,11,15.38,1
39.9,10.9,2.17,2.2,12.3,9.3,7.44,1
57.2,8.1,0.15,1.7,13.2,11,15.38,1
39.9,10.9,2.17,2.2,12.3,9.3,7.44,1
57.2,8.1,0.15,1.7,13.2,11,15.38,1
57.2,8.1,0.15,1.7,13.2,11,15.38,1
57.2,8.1,0.15,1.7,13.2,11,15.38,1
57.2,8.1,0.15,1.7,13.2,11,15.38,1
57.2,8.1,0.15,1.7,13.2,11,15.38,1
57.2,8.1,0.15,1.7,13.2,11,15.38,1
57.2,8.1,0.15,1.7,13.2,11,15.38,1
57.2,8.1,0.15,1.7,13.2,11,15.38,1
57.2,8.1,0.15,1.7,13.2,11,15.38,1
57.2,8.1,0.15,1.7,13.2,11,15.38,1
57.2,8.1,0.15,1.7,13.2,11,15.38,1
57.2,8.1,0.15,1.7,13.2,11,15.38,1
57.2,8.1,0.15,1.7,13.2,11,15.38,1
57.2,8.1,0.15,1.7,13.2,11,15.38,1
57.2,8.1,0.15,1.7,13.2,11,15.38,1
57.2,8.1,0.15,1.7,13.2,11,15.38,1
72,8.2,28.84,0.6,-3.9,3.4,11.59,1
83.1,11,0,2.9,21.1,19.3,16.77,1
49.1,8.8,1.31,1.8,12,9.9,10.99,1
56.2,8.2,1.21,1.6,11.8,10,13.09,1
54,8.3,0.74,1.7,12.3,10.4,14.83,1
54,8.3,0.74,1.7,12.3,10.4,14.83,1
54,8.3,0.74,1.7,12.3,10.4,14.83,1
54,8.3,0.74,1.7,12.3,10.4,14.83,1
54,8.3,0.74,1.7,12.3,10.4,14.83,1
54,8.3,0.74,1.7,12.3,10.4,14.83,1
54,8.3,0.74,1.7,12.3,10.4,14.83,1
54,8.3,0.74,1.7,12.3,10.4,14.83,1
54,8.3,0.74,1.7,12.3,10.4,14.83,1
54,8.3,0.74,1.7,12.3,10.4,14.83,1
54,8.3,0.74,1.7,12.3,10.4,14.83,1
54,8.3,0.74,1.7,12.3,10.4,14.83,1
54,8.3,0.74,1.7,12.3,10.4,14.83,1
54,8.3,0.74,1.7,12.3,10.4,14.83,1
54,8.3,0.74,1.7,12.3,10.4,14.83,1
54,8.3,0.74,1.7,12.3,10.4,14.83,1
54,8.3,0.74,1.7,12.3,10.4,14.83,1
54,8.3,0.74,1.7,12.3,10.4,14.83,1
54,8.3,0.74,1.7,12.3,10.4,14.83,1
54,8.3,0.74,1.7,12.3,10.4,14.83,1
54,8.3,0.74,1.7,12.3,10.4,14.83,1
54,8.3,0.74,1.7,12.3,10.4,14.83,1
54,8.3,0.74,1.7,12.3,10.4,14.83,1
54,8.3,0.74,1.7,12.3,10.4,14.83,1
54,8.3,0.74,1.7,12.3,10.4,14.83,1
54,8.3,0.74,1.7,12.3,10.4,14.83,1
54,8.3,0.74,1.7,12.3,10.4,14.83,1
54,8.3,0.74,1.7,12.3,10.4,14.83,1
54,8.3,0.74,1.7,12.3,10.4,14.83,1
44.4,10.1,0.45,2.2,13.6,10.1,10.21,1
50.5,9.1,1.01,1.8,12.4,10.2,13.65,1
44.4,10.1,0.45,2.2,13.6,10.1,10.21,1
54,8.3,0.74,1.7,12.3,10.4,14.83,1
54,8.3,0.74,1.7,12.3,10.4,14.83,1
54,8.3,0.74,1.7,12.3,10.4,14.83,1
50.5,9.1,1.01,1.8,12.4,10.2,13.65,1
54,8.3,0.74,1.7,12.3,10.4,14.83,1
54,8.3,0.74,1.7,12.3,10.4,14.83,1
54,8.3,0.74,1.7,12.3,10.4,14.83,1
54,8.3,0.74,1.7,12.3,10.4,14.83,1
54,8.3,0.74,1.7,12.3,10.4,14.83,1
54,8.3,0.74,1.7,12.3,10.4,14.83,1
54,8.3,0.74,1.7,12.3,10.4,14.83,1
54,8.3,0.74,1.7,12.3,10.4,14.83,1
54,8.3,0.74,1.7,12.3,10.4,14.83,1
54,8.3,0.74,1.7,12.3,10.4,14.83,1
54,8.3,0.74,1.7,12.3,10.4,14.83,1
54,8.3,0.74,1.7,12.3,10.4,14.83,1
54,8.3,0.74,1.7,12.3,10.4,14.83,1
57.2,8.1,0.15,1.7,13.2,11,15.38,1
57.2,8.1,0.15,1.7,13.2,11,15.38,1
57.2,8.1,0.15,1.7,13.2,11,15.38,1
57.2,8.1,0.15,1.7,13.2,11,15.38,1
57.2,8.1,0.15,1.7,13.2,11,15.38,1
57.2,8.1,0.15,1.7,13.2,11,15.38,1
57.2,8.1,0.15,1.7,13.2,11,15.38,1
57.2,8.1,0.15,1.7,13.2,11,15.38,1
57.2,8.1,0.15,1.7,13.2,11,15.38,1
57.2,8.1,0.15,1.7,13.2,11,15.38,1
57.2,8.1,0.15,1.7,13.2,11,15.38,1
57.2,8.1,0.15,1.7,13.2,11,15.38,1
54,8.3,0.74,1.7,12.3,10.4,14.83,1
54,8.3,0.74,1.7,12.3,10.4,14.83,1
61.1,7.6,0.11,1.7,13.1,10.7,16.59,1
61.1,7.6,0.11,1.7,13.1,10.7,16.59,1
57.2,8.1,0.15,1.7,13.2,11,15.38,1
57.2,8.1,0.15,1.7,13.2,11,15.38,1
57.2,8.1,0.15,1.7,13.2,11,15.38,1
61.1,8.4,5.23,1.5,9.3,8.7,14.33,1
57.2,8.1,0.15,1.7,13.2,11,15.38,1
57.2,8.1,0.15,1.7,13.2,11,15.38,1
57.2,8.1,0.15,1.7,13.2,11,15.38,1
57.2,8.1,0.15,1.7,13.2,11,15.38,1
57.2,8.1,0.15,1.7,13.2,11,15.38,1
56.2,8.2,1.21,1.6,11.8,10,13.09,1
57.2,8.1,0.15,1.7,13.2,11,15.38,1
57.2,8.1,0.15,1.7,13.2,11,15.38,1
57.2,8.1,0.15,1.7,13.2,11,15.38,1
57.2,8.1,0.15,1.7,13.2,11,15.38,1
57.2,8.1,0.15,1.7,13.2,11,15.38,1
57.2,8.1,0.15,1.7,13.2,11,15.38,1
57.2,8.1,0.15,1.7,13.2,11,15.38,1
57.2,8.1,0.15,1.7,13.2,11,15.38,1
57.2,8.1,0.15,1.7,13.2,11,15.38,1
57.2,8.1,0.15,1.7,13.2,11,15.38,1
61.1,8.4,5.23,1.5,9.3,8.7,14.33,1
57.2,8.1,0.15,1.7,13.2,11,15.38,1
57.2,8.1,0.15,1.7,13.2,11,15.38,1
57.2,8.1,0.15,1.7,13.2,11,15.38,1
57.2,8.1,0.15,1.7,13.2,11,15.38,1
56.2,8.2,1.21,1.6,11.8,10,13.09,1
61.1,8.4,5.23,1.5,9.3,8.7,14.33,1
61.1,8.4,5.23,1.5,9.3,8.7,14.33,1
61.1,8.4,5.23,1.5,9.3,8.7,14.33,1
57.2,8.1,0.15,1.7,13.2,11,15.38,1
57.2,8.1,0.15,1.7,13.2,11,15.38,1
57.2,8.1,0.15,1.7,13.2,11,15.38,1
57.2,8.1,0.15,1.7,13.2,11,15.38,1
61.1,8.4,5.23,1.5,9.3,8.7,14.33,1
57.2,8.1,0.15,1.7,13.2,11,15.38,1
57.2,8.1,0.15,1.7,13.2,11,15.38,1
61.1,8.4,5.23,1.5,9.3,8.7,14.33,1
57.2,8.1,0.15,1.7,13.2,11,15.38,1
57.2,8.1,0.15,1.7,13.2,11,15.38,1
61.1,8.4,5.23,1.5,9.3,8.7,14.33,1
57.2,8.1,0.15,1.7,13.2,11,15.38,1
57.2,8.1,0.15,1.7,13.2,11,15.38,1
57.2,8.1,0.15,1.7,13.2,11,15.38,1
61.1,8.4,5.23,1.5,9.3,8.7,14.33,1
61.1,8.4,5.23,1.5,9.3,8.7,14.33,1
57.2,8.1,0.15,1.7,13.2,11,15.38,1
57.2,8.1,0.15,1.7,13.2,11,15.38,1
57.2,8.1,0.15,1.7,13.2,11,15.38,1
57.2,8.1,0.15,1.7,13.2,11,15.38,1
61.1,8.4,5.23,1.5,9.3,8.7,14.33,1
57.2,8.1,0.15,1.7,13.2,11,15.38,1
57.2,8.1,0.15,1.7,13.2,11,15.38,1
57.2,8.1,0.15,1.7,13.2,11,15.38,1
57.2,8.1,0.15,1.7,13.2,11,15.38,1
61.1,8.4,5.23,1.5,9.3,8.7,14.33,1
57.2,8.1,0.15,1.7,13.2,11,15.38,1
57.2,8.1,0.15,1.7,13.2,11,15.38,1
61.1,8.4,5.23,1.5,9.3,8.7,14.33,1
61.1,8.4,5.23,1.5,9.3,8.7,14.33,1
57.2,8.1,0.15,1.7,13.2,11,15.38,1
57.2,8.1,0.15,1.7,13.2,11,15.38,1
41.9,14.8,0,4.3,23.7,11.4,0,1
41.9,14.8,0,4.3,23.7,11.4,0,1
42.7,14.5,0,4.4,24.1,13,0,1
42.9,15.3,0,4.4,24.6,11.7,0,1
41.9,14.8,0,4.3,23.7,11.4,0,1
42.9,15.3,0,4.4,24.6,11.7,0,1
44.1,5,0,4.1,26.4,26.4,7.45,1
49.7,6.4,0,4,26.4,26.2,6.9,1
47.4,9.1,0,4.3,26.1,25.2,3.56,1
47.4,9.1,0,4.3,26.1,25.2,3.56,1
47.4,9.1,0,4.3,26.1,25.2,3.56,1
47.4,9.1,0,4.3,26.1,25.2,3.56,1
44.1,5,0,4.1,26.4,26.4,7.45,1
49.7,6.4,0,4,26.4,26.2,6.9,1
47.4,9.1,0,4.3,26.1,25.2,3.56,1
47.4,9.1,0,4.3,26.1,25.2,3.56,1
47.4,9.1,0,4.3,26.1,25.2,3.56,1
47.4,9.1,0,4.3,26.1,25.2,3.56,1
48.6,6.9,0,2.6,17.9,15.3,1.64,1
43.8,9.9,31,0.7,-8.8,0.7,1.22,1
88.1,3.9,3.39,1.4,8,7.2,9.12,1
35,9.6,30.12,1.5,-5.4,1,0.25,1
28.8,9.4,31,0.3,-22.1,0.6,0.71,1
50.5,9.1,26.96,1.4,-1.1,1.9,4.71,1
78.7,4.5,12.86,1,4.1,5.8,11.53,1
48.6,6.9,0,2.6,17.9,15.3,1.64,1
86.3,3.6,0.74,1.5,10,8.7,8.57,1
86.2,3.3,0,1.6,11.9,10.1,8.51,1
86.3,3.8,0.06,1.6,11.4,9.9,7.56,1
88.6,3.8,0.52,1.5,10.4,8.9,8.3,1
87.8,3.7,0.52,1.5,10.3,8.9,8.08,1
22.5,12,0,2.5,19.8,15.2,0.21,1
66.4,6.9,0.83,2.1,11.5,8.7,3.87,1
42.5,10.5,0,3.5,23.5,22.6,1,1
88.6,3.8,0.52,1.5,10.4,8.9,8.3,1
86.2,3.3,0,1.6,11.9,10.1,8.51,1
86.2,3.3,0,1.6,11.9,10.1,8.51,1
86.2,3.3,0,1.6,11.9,10.1,8.51,1
27.3,13.6,0.08,2.3,16.2,13,0.98,1
36.9,13.6,0,2.4,17.6,15.5,0.14,1
36.5,12.3,0.04,1.8,15.7,13.3,0.6,1
33.9,11.7,0,1.8,16,13.4,0.65,1
34.7,9.8,17.39,1.3,5.1,7,0.49,1
36.5,12.3,0.04,1.8,15.7,13.3,0.6,1
36.5,12.3,0.04,1.8,15.7,13.3,0.6,1
33.9,11.7,0,1.8,16,13.4,0.65,1
33.9,11.7,0,1.8,16,13.4,0.65,1
36.5,12.3,0.04,1.8,15.7,13.3,0.6,1
49.8,6.9,31,0.1,-19.9,1.2,5.95,1
53.6,7.5,31,0,-23.1,1.1,8.68,1
72.4,5.8,1.91,1.8,10,8.5,5.03,1
72.4,5.8,1.91,1.8,10,8.5,5.03,1
72.4,5.8,1.91,1.8,10,8.5,5.03,1
72.4,5.8,1.91,1.8,10,8.5,5.03,1
72.4,5.8,1.91,1.8,10,8.5,5.03,1
72.4,5.8,1.91,1.8,10,8.5,5.03,1
72.4,5.8,1.91,1.8,10,8.5,5.03,1
72.4,5.8,1.91,1.8,10,8.5,5.03,1
72.4,5.8,1.91,1.8,10,8.5,5.03,1
72.4,5.8,1.91,1.8,10,8.5,5.03,1
72.4,5.8,1.91,1.8,10,8.5,5.03,1
72.4,5.8,1.91,1.8,10,8.5,5.03,1
72.4,5.8,1.91,1.8,10,8.5,5.03,1
72.4,5.8,1.91,1.8,10,8.5,5.03,1
50.6,6.4,31,0.1,-18.3,1.2,5.45,1
72.4,5.8,1.91,1.8,10,8.5,5.03,1
32,13.6,12.33,1.9,8.9,7.9,20.83,1
31.5,14.7,21.02,1.5,6.2,6.3,1.04,1
33.7,14.5,10.02,1.6,10.2,8.8,0.6,1
27.5,13,0.66,1.8,14.8,11.4,0.69,1
33.4,13.8,20.01,1.5,6.1,5.4,1.51,1
24.4,12.4,0,4.2,22.3,16.8,0,1
13.6,13.3,0,3.7,22.9,15.4,0.03,1
60.6,9.7,31,0.1,-21.1,1.1,6.09,1
72.4,5.8,1.91,1.8,10,8.5,5.03,1
72.4,5.8,1.91,1.8,10,8.5,5.03,1
72.4,5.8,1.91,1.8,10,8.5,5.03,1
72.4,5.8,1.91,1.8,10,8.5,5.03,1
72.4,5.8,1.91,1.8,10,8.5,5.03,1
72.4,5.8,1.91,1.8,10,8.5,5.03,1
72.4,5.8,1.91,1.8,10,8.5,5.03,1
72.4,5.8,1.91,1.8,10,8.5,5.03,1
72.4,5.8,1.91,1.8,10,8.5,5.03,1
72.4,5.8,1.91,1.8,10,8.5,5.03,1
72.4,5.8,1.91,1.8,10,8.5,5.03,1
72.4,5.8,1.91,1.8,10,8.5,5.03,1
72.4,5.8,1.91,1.8,10,8.5,5.03,1
72.4,5.8,1.91,1.8,10,8.5,5.03,1
72.4,5.8,1.91,1.8,10,8.5,5.03,1
72.4,5.8,1.91,1.8,10,8.5,5.03,1
72.4,5.8,1.91,1.8,10,8.5,5.03,1
72.4,5.8,1.91,1.8,10,8.5,5.03,1
28.6,13.4,1.21,1.7,14.4,11.5,0.72,1
22.7,13.2,0.01,1.9,16.4,12.6,0.54,1
30.9,13.4,1.31,1.7,14.3,11.1,0.67,1
84.6,4.5,6.71,1.4,6.6,6.6,10.18,1
84.6,4.5,6.71,1.4,6.6,6.6,10.18,1
84.6,4.5,6.71,1.4,6.6,6.6,10.18,1
84.6,4.5,6.71,1.4,6.6,6.6,10.18,1
84.6,4.5,6.71,1.4,6.6,6.6,10.18,1
34,12.6,1.11,1.7,14.1,12.2,0.48,1
68.6,5.5,21.02,1.3,1.6,4,12.02,1
64.7,6.2,23.91,1.4,0.3,3.4,11.12,1
67.3,7.3,5.64,1.9,8.5,7,5.23,1
79.5,4.2,16.06,1.3,2.8,4.6,10.54,1
72.4,5.8,1.91,1.8,10,8.5,5.03,1
78.6,5.6,10.78,1.5,5.5,5.2,8.17,1
78.4,6.5,11.04,1.5,5.8,5.6,7.88,1
71.6,6,4.45,1.4,8.5,7.8,18.11,1
35,9.6,30.12,1.5,-5.4,1,0.25,0
38.7,9.4,29.88,1.4,-5,1.6,0.29,0
40.6,8.8,29.31,1.4,-4.3,1.9,0.89,0
40,7.8,28.63,1.4,-3.8,2.1,1.05,0
30.5,6.8,28.17,1.4,-3.7,2.3,1.39,0
60.5,11.2,31,0.6,-20.6,0.1,4.34,0
59,11.6,31,0.6,-20.1,0.1,3.04,0
57.8,12.3,31,0.6,-18.8,0.1,2,0
58.2,12.9,31,0.6,-19.6,0.1,1.3,0
57.6,13.3,31,0.6,-20,0,0.67,0
57.1,13.5,31,0.6,-19.7,0,0.33,0
59.1,14,31,0.6,-21.7,0.1,0.28,0
58.5,14.3,31,0.6,-21.1,0.1,0.29,0
57.5,14.5,31,0.6,-20.1,0,0.34,0
57.7,14.9,31,0.6,-21.5,0,0.6,0
56.8,15.2,31,0.6,-22.2,0,0.99,0
57,15.4,31,0.6,-22.3,0,1.51,0
56,15.6,31,0.6,-22,0.1,2.11,0
52,15.6,31,0.6,-20.6,0.1,2.57,0
50.4,15.7,31,0.7,-19.3,0.1,2.78,0
48.8,15.7,31,0.7,-19.2,0.1,3.01,0
47.2,15.8,31,0.7,-18.7,0.1,3.1,0
46.8,15.7,31,0.7,-19.6,0,3.1,0
44.8,15.9,31,0.6,-21.5,0.1,3.54,0
43,15.8,31,0.6,-21.5,0.1,3.4,0
43.5,15.5,31,0.7,-20.4,0.1,3.15,0
42.5,15.2,31,0.7,-19,0.1,2.68,0
40.3,15,31,0.7,-18.8,0.1,2.69,0
39.2,15,31,0.7,-19.1,0.1,3.02,0
38.1,15.1,31,0.7,-20.4,0.1,3.12,0
37.5,15,31,0.7,-19.8,0.1,1.58,0
38.1,15,31,0.7,-20.1,0.1,0.7,0
37.8,15.1,31,0.7,-20.1,0.1,0.64,0
38.7,14.7,31,0.7,-19.9,0.1,0.65,0
39.4,14.6,31,0.7,-19.8,0.1,0.71,0
38.5,14.7,31,0.7,-19.4,0.1,0.77,0
38.7,14.4,31,0.8,-18.7,0.1,0.83,0
38.5,14.1,31,0.8,-18,0.1,0.88,0
38.4,13.6,31,0.8,-17.1,0,0.93,0
38.6,13.7,31,0.8,-17,0,0.95,0
37.4,13.9,31,0.9,-16.1,0,0.93,0
36.8,14.1,31,0.9,-15.4,0,0.98,0
38.5,14.1,31,0.9,-16.4,0,0.99,0
38,14.3,31,0.9,-16.3,0.1,1.1,0
38.6,14,31,0.9,-16.3,0,2.25,0
39.5,14.1,31,0.9,-16.4,0.1,2.28,0
39.1,14,31,0.9,-16.5,0,2.37,0
37.8,13.5,31,1,-14.3,0,3.8,0
36.7,14.1,31,0.9,-15.1,0,2.64,0
37,15.1,31,0.9,-17,0,2.62,0
36.7,15.8,31,0.8,-17.6,0,1.28,0
37.6,16.9,31,0.9,-15.8,0,1.3,0
36.8,18.3,31,1,-12.9,0,1.32,0
37.7,19.2,31,1,-12.8,0,1.38,0
38.1,18.5,31,0.9,-12.9,0,1.48,0
39.1,17.7,31,1,-11.6,0,1.53,0
41.3,16.3,31,0.9,-10.1,0,3.07,0
41.4,15.3,31,0.9,-9.2,0.4,1.55,0
42.6,13.6,31,0.7,-8.5,1,1.52,0
43.1,12,31,0.7,-9.1,0.2,3.04,0
47.7,10.1,30.99,0.7,-8.5,0.3,1.49,0
49.3,7.8,30.8,0.8,-8.3,0,2.92,0
51.2,6.7,30.59,0.8,-8,0.1,2.9,0
52.4,7.9,30.68,0.8,-7.7,0.4,2.65,0
51,8,30.84,0.9,-8.4,0,2.34,0
51.8,8.7,30.55,0.9,-6.9,0.4,2.14,0
52.6,8.2,29.98,0.8,-5.8,1.4,2.28,0
51.2,7.5,29.77,0.9,-5.7,1.2,3.42,0
50.3,7.9,29.98,0.9,-5.9,1,3.18,0
48.2,8.7,30.21,1.1,-6,0.7,3.33,0
47.4,9.9,30.12,1,-5.2,1.3,3.27,0
45.7,10.2,30.17,1.1,-5.2,1.2,2.79,0
44.1,10.8,30.38,1.1,-5.4,1.1,2.52,0
43.1,10.9,30.38,1.2,-5.3,1,1.95,0
42.8,10.7,29.98,1.1,-4.5,1.4,1.85,0
41.8,10.5,30.3,1.3,-5.3,0.7,2.18,0
42.5,10,30.34,1.4,-5.7,0.2,1.79,0
39.1,11.3,30.52,1.5,-5.5,0.2,1.21,0
39,10.5,30.82,1.5,-7,0,1.01,0
38.6,10.4,30.03,1.5,-4.8,0.7,0.96,0
39.8,10,28.77,1.3,-2.9,1.9,0.33,0
41.3,9.6,28.4,1.3,-2.6,2.1,0.2,0
39.3,10.2,28.84,1.3,-2.9,2,0.01,0
38.8,10.6,29.11,1.3,-3.1,2,0,0
38.4,10.4,29.05,1.3,-3.1,1.9,0,0
36.9,10.6,29.05,1.3,-3,1.9,0.11,0
36.7,10,29.05,1.4,-3.3,1.7,0.23,0
35.9,9.7,29.24,1.4,-3.7,1.7,0.24,0
36.4,9.5,29.55,1.4,-4.3,1.7,0.26,0
35.7,9.6,29.93,1.4,-5,1.7,0.27,0
41.7,8.5,29.31,1.5,-4.4,1.7,0.74,0
35.8,7.5,28.01,1.5,-3.1,2.1,0.89,0
37.4,14.6,31,0.9,-16.6,0.1,1.28,0
38.2,14.9,31,0.8,-16.9,0.1,2.54,0
38,15.4,31,0.9,-16.6,0,1.29,0
38.1,16.1,31,0.9,-16.5,0,2.58,0
39.4,17.3,31,0.9,-14.9,0,1.31,0
38.4,18.9,31,1.1,-11.9,0,1.36,0
39.6,20,31,1,-13.5,0,2.82,0
39.5,19.2,31,1,-14.2,0,2.97,0
40.5,18.4,31,1,-12.8,0,1.54,0
41.8,17.9,31,1,-11.3,0,1.55,0
45.7,17.1,31,1,-10.3,0,1.52,0
47,14.8,31,0.9,-9.6,0,3.07,0
49.2,12,31,0.8,-8.4,0.3,1.55,0
50.8,9.7,30.91,0.8,-7.9,0.5,1.59,0
52.8,7.5,30.59,0.8,-7.6,0.3,3.04,0
54.4,6.7,30.38,0.8,-7.4,0.3,2.85,0
54.9,7.5,30.34,0.8,-6.9,0.6,2.62,0
54.6,7.6,30.55,1,-7.5,0,2.49,0
53.4,8,30.3,0.9,-6.6,0.6,2.17,0
54.5,7.5,29.43,0.9,-5.1,1.6,2.89,0
55.5,6.9,29.37,0.9,-5.3,1.3,2.69,0
53.4,7.2,29.49,1,-5.4,1,2.43,0
52.7,8,29.61,1.1,-5.2,1,3.51,0
49.9,8.6,29.72,1.1,-5.1,0.9,3.8,0
48.3,9.6,29.77,1.1,-4.7,1.1,2.73,0
48,10.5,29.43,1,-3.6,2,2.38,0
46.4,11.1,29.66,1.1,-3.7,1.9,2.3,0
44.8,10.8,29.88,1.2,-4.3,1.3,2.25,0
43.6,10.3,30.12,1.4,-5,0.5,1.96,0
43.1,10.2,29.98,1.4,-4.8,0.6,1.6,0
44.2,10.4,29.18,1.3,-3.3,1.5,0.99,0
44,10.4,29.24,1.4,-3.4,1.4,0.85,0
43.1,10.5,28.63,1.3,-2.4,2.1,0.36,0
43.1,10,28.48,1.3,-2.5,2.2,0.29,0
45.8,9.8,28.32,1.3,-2.4,2.1,0.03,0
44.1,9.8,28.25,1.3,-2.3,2.1,0.06,0
41.5,10,28.4,1.3,-2.4,2.1,0.05,0
41.1,10.6,28.7,1.3,-2.5,2,0.01,0
40.7,10.5,28.98,1.3,-2.9,2,0,0
39.2,10.1,29.05,1.4,-3.2,1.8,0,0
39.6,9.9,29.24,1.4,-3.6,1.6,0.2,0
39.2,9.8,29.11,1.4,-3.5,1.9,0.2,0
38.9,9.2,29.24,1.3,-4,2.1,0.17,0
38.4,8.5,28.7,1.4,-3.5,2.2,0.18,0
40.1,14.8,31,0.9,-15.6,0.1,2.43,0
39.4,14.9,31,0.8,-16.4,0.1,1.24,0
40.7,15.6,31,0.9,-16.5,0.1,1.23,0
39.7,16.5,31,0.8,-18.9,0,1.23,0
38.5,17.4,31,1,-14.7,0,2.61,0
40.1,18.5,31,1,-14.3,0,1.35,0
41.6,19.7,31,1.1,-12.3,0,2.88,0
42.7,19.3,31,1.1,-11.6,0,1.47,0
46.1,18.7,31,1,-11.5,0,1.52,0
46,18.4,31,1.1,-11,0,1.52,0
48.1,17.8,31,1,-10,0,1.53,0
50.2,15.7,31,1,-8.9,0,1.53,0
52.8,13,31,0.9,-9.1,0,3.11,0
54.3,10.6,31,0.9,-9,0,1.56,0
54.6,8.4,30.7,0.9,-7.6,0.1,2.82,0
57,7.3,29.66,0.8,-5.6,1.1,2.56,0
56.6,7.5,29.72,0.8,-5.6,1.3,3.62,0
57.5,7.3,29.83,0.9,-5.9,0.9,3.41,0
57.9,7.3,29.37,0.9,-5.1,1.4,2.66,0
57.4,6.9,28.32,0.8,-3.8,2.2,2.5,0
57,6.4,29.05,1,-5.1,1.1,3.07,0
55.3,7.3,28.4,0.9,-3.7,1.9,3.21,0
54.8,7.7,27.92,0.9,-2.9,2.4,3.42,0
52.8,8.8,28.48,1,-3.1,2.1,3.21,0
51.4,9.4,28.55,1,-2.9,2,2.77,0
51.1,10,28.91,1.1,-3.1,1.9,2.52,0
49.5,10.5,29.37,1.2,-3.5,1.6,1.94,0
48.2,10.4,29.61,1.3,-4,1,2.05,0
48,10.4,29.11,1.3,-3.2,1.3,1.43,0
46.8,10.1,27.92,1.3,-1.7,2,1.19,0
47.2,10.1,27.67,1.4,-1.4,2.2,0.93,0
47.2,10.2,28.77,1.5,-2.8,1.5,0,0
47.9,10.4,28.63,1.4,-2.5,1.9,0.31,0
48.1,9.7,28.01,1.4,-2,2.2,0.26,0
48.2,9.4,28.01,1.3,-2.2,2.2,0.17,0
46.8,9.1,27.76,1.3,-2,2.3,0.16,0
45.1,9.5,28.09,1.3,-2.2,2.2,0.17,0
44.8,9.7,28.17,1.3,-2.2,2.1,0.26,0
45.2,9.9,28.25,1.4,-2.2,2.1,0.01,0
42.2,9.7,28.32,1.4,-2.4,2,0.18,0
43,10.1,28.7,1.4,-2.7,2.1,0.35,0
44.3,9.8,28.48,1.4,-2.6,2.2,0.29,0
45.1,9.4,28.55,1.4,-2.9,2.2,0.14,0
39.9,15.2,31,0.8,-17.2,0.1,1.19,0
41.3,15.2,31,0.9,-15.5,0.1,1.2,0
39.6,15.7,31,0.9,-15.4,0.1,1.18,0
37.6,16.7,31,0.8,-17.1,0.1,1.24,0
39.3,17.1,31,1,-13.4,0,1.28,0
40.8,18.4,31,1.1,-12.4,0,2.63,0
43.7,18.8,31,1.1,-12,0,2.77,0
45.4,19.1,31,1.1,-10.9,0,1.42,0
47.5,19.1,31,1.1,-10.6,0,1.42,0
46.1,18.8,31,1,-12.9,0,2.9,0
50.8,18.4,31,1,-10.4,0,2.96,0
52.9,16.4,31,1.1,-8.2,0,2.96,0
54.4,13.7,31,1,-8.1,0,4.43,0
55.6,11.6,31,0.9,-8.5,0,3.05,0
56.9,9.7,30.98,0.9,-8.5,0,2.77,0
59.1,7.5,28.91,0.9,-4.3,1.5,2.67,0
60.3,7.3,28.91,0.9,-4.4,1.6,3.78,0
59.9,6.9,29.43,0.9,-5.4,0.9,4.48,0
61,6.7,28.55,0.9,-4.2,1.7,3.93,0
59.8,6.4,28.55,0.9,-4.4,1.4,3.71,0
59.9,6.3,28.09,0.9,-3.8,1.7,3.48,0
59.1,7.3,27.14,0.9,-2.2,2.7,2.76,0
56.4,7.5,27.5,0.9,-2.5,2.3,3.72,0
55.8,8.4,28.01,1,-2.7,2,3.67,0
55.6,8.3,28.98,1.3,-4,0.7,3.81,0
53.3,8.7,29.37,1.3,-4.4,0.3,2.6,0
51.1,9.8,29.31,1.3,-3.8,0.8,1.73,0
49.9,10.3,29.61,1.4,-4,0.5,1.75,0
49,10.2,29.37,1.5,-3.7,0.6,1.48,0
49.7,10.1,27.92,1.4,-1.7,1.7,1.38,0
50,9.6,28.17,1.5,-2.3,1.5,1.08,0
50,9.3,28.17,1.5,-2.4,1.6,0.81,0
51.1,9.4,27.76,1.4,-1.9,2.1,0.71,0
49.9,9.3,27.59,1.3,-1.7,2.4,0.46,0
47.4,8.9,27.41,1.3,-1.7,2.4,0.3,0
48.8,9.1,27.5,1.3,-1.7,2.4,0.3,0
49.5,9,27.32,1.4,-1.6,2.2,0.43,0
48.6,9.4,27.59,1.4,-1.7,2.2,0.54,0
44.8,9.4,27.67,1.3,-1.8,2.2,0.89,0
45.4,9.3,27.76,1.4,-1.9,2.1,0.74,0
43.6,9.7,27.92,1.4,-1.9,2.2,0.73,0
44.8,9.5,27.92,1.4,-2,2.3,0.97,0
44.7,9.3,27.92,1.4,-2.1,2.4,0.51,0
45.5,8.9,27.67,1.4,-2,2.5,0.55,0
46.2,8.7,27.41,1.4,-1.8,2.6,0.8,0
43.1,8.4,27.14,1.3,-1.7,3,0.99,0
41.2,15.5,31,0.9,-16,0.1,2.31,0
42.4,15.7,31,0.9,-14.6,0.1,1.15,0
40.9,16.2,31,0.8,-16.5,0.1,1.16,0
40.8,16.2,31,0.9,-14.5,0,1.18,0
39.4,16.9,31,1.1,-12,0,3.64,0
42.2,18.4,31,1.1,-11.6,0,3.84,0
43.4,19.1,31,1.1,-11.6,0,3.95,0
46.2,19.5,31,1.1,-10.9,0,4.08,0
47.8,19.4,31,1.1,-10.5,0,2.74,0
49.4,19.3,31,1.2,-8.6,0,4.23,0
49.8,18.9,31,1.1,-9.7,0,2.92,0
55.7,16.7,31,1.1,-7.9,0,2.9,0
54.6,14.5,31,1.1,-7.7,0,2.9,0
58.3,11.5,30.82,1.1,-6.5,0,3.06,0
62,8.1,27.84,1,-2.6,1.9,2.69,0
61.3,7.6,27.76,0.9,-2.8,1.9,2.55,0
63.2,6.9,26.58,0.8,-1.8,2.8,3.72,0
64.7,6.5,26.48,0.8,-1.9,2.8,4.45,0
62.9,6.3,27.76,0.9,-3.4,1.7,3.68,0
60.7,6.5,28.98,1,-4.9,0.7,4.45,0
60.8,6.3,30.45,1.1,-7.8,0,3.87,0
58.7,6.7,28.7,1.2,-4.4,0.6,3.02,0
58.8,7,28.48,1.2,-4,0.7,2.98,0
57.5,7.3,28.91,1.3,-4.4,0.2,3.61,0
57.3,8,28.98,1.3,-4.2,0.2,2.54,0
57.2,8.9,28.91,1.4,-3.6,0.6,2.39,0
54.8,9.7,29.05,1.4,-3.4,0.7,1.91,0
54.7,9.7,29.24,1.5,-3.7,0.4,1.72,0
52.1,9.4,29.43,1.6,-4.2,0,1.78,0
51.7,9.4,28.84,1.6,-3.3,0.5,1.87,0
52.7,9.2,27.59,1.4,-1.8,1.8,1.35,0
53.3,9.2,26.96,1.4,-1.1,2.4,1.08,0
53.4,9.1,26.96,1.3,-1.1,2.5,0.82,0
53,8.9,26.96,1.4,-1.2,2.5,0.77,0
52,8.7,26.87,1.4,-1.2,2.5,0.94,0
51.8,8.7,26.87,1.4,-1.2,2.4,0.93,0
53.6,9.1,26.87,1.4,-1,2.3,1.05,0
51,9.3,27.14,1.4,-1.2,2.3,1.26,0
48,9.1,27.05,1.4,-1.2,2.3,1.19,0
46.2,8.9,27.05,1.4,-1.3,2.3,1.25,0
46.6,9.2,27.14,1.4,-1.3,2.4,1.33,0
45.9,9.3,27.32,1.4,-1.4,2.5,1.74,0
45.3,9.1,27.5,1.3,-1.7,2.6,1.56,0
46.2,9,27.32,1.3,-1.6,2.8,1.61,0
46,8.8,27.14,1.4,-1.5,2.8,1.9,0
47,8.6,27.32,1.3,-1.8,2.9,2.13,0
42.9,15.8,31,1,-12.1,0.1,2.5,0
43.1,15.8,31,1.1,-11.3,0.1,3.71,0
41.9,16.5,31,0.9,-15.1,0.1,2.49,0
41,17.3,31,1,-14.6,0.1,1.16,0
40.9,17.6,31,1.1,-11.8,0,3.6,0
40.6,19,31,1.1,-12.6,0,3.9,0
43.3,19.5,31,1.1,-12.9,0,3.93,0
44.5,19.5,31,1,-13.8,0,4.01,0
47.5,20.2,31,1.1,-10.7,0,2.64,0
52,19.5,31,1.2,-8.5,0,2.71,0
54.2,18.7,31,1.1,-10,0,4.12,0
53.7,17.1,31,1.2,-7.9,0,4.32,0
57.5,15,31,1.3,-6.9,0,5.82,0
60.8,12,30.73,1.1,-5.9,0,5.88,0
65.1,8.2,26.77,1,-1.4,2.1,3.96,0
64.9,6.9,25.36,1,-0.6,2.8,4.98,0
66.2,6.4,24.37,0.9,0,3.4,4.42,0
67.7,6.2,24.49,0.8,-0.2,3.6,5.52,0
66.5,6.4,25.36,0.9,-0.9,3.2,5,0
65.6,6.8,25.47,0.8,-0.8,3.6,4.74,0
63.1,6.8,26.09,0.9,-1.4,2.8,4.76,0
63.1,6.7,26.96,1,-2.3,1.8,2.78,0
62.6,7,27.76,1.2,-3.1,1.1,2.82,0
59.6,7.5,27.92,1.2,-3,0.9,2.41,0
60.5,8.1,28.01,1.3,-2.8,0.9,2.74,0
59.2,9.2,27.76,1.3,-2,1.4,2.43,0
59.1,9.6,28.4,1.4,-2.6,0.9,2.54,0
56.9,9.9,27.59,1.3,-1.4,1.7,2.16,0
57.4,9.7,27.05,1.4,-0.9,1.9,2.19,0
54.9,9.4,26.77,1.4,-0.8,2.1,1.71,0
56.7,9,26.39,1.3,-0.6,2.6,1.73,0
55.3,8.6,26.48,1.3,-0.9,2.5,1.41,0
54.3,8.7,26.58,1.3,-0.9,2.6,1.11,0
54.5,9,26.39,1.4,-0.6,2.7,1.17,0
54.3,8.6,26.29,1.4,-0.7,2.6,1.37,0
53.5,8.6,26.29,1.4,-0.7,2.6,1.25,0
56,8.8,26.39,1.4,-0.7,2.5,1.24,0
51.2,9,26.39,1.5,-0.6,2.4,2.03,0
52.5,8.9,26.39,1.5,-0.6,2.4,2.32,0
48,8.7,26.39,1.4,-0.7,2.5,2.31,0
48.8,8.4,26.39,1.4,-0.9,2.5,2.24,0
49.8,8.4,26.58,1.4,-1.1,2.6,2.13,0
48.3,8.4,26.68,1.3,-1.2,2.7,2.42,0
47.6,8.5,26.68,1.3,-1.1,2.9,2.11,0
48.6,8.4,26.48,1.3,-1,3,2.51,0
49.3,7.7,26.39,1.3,-1.2,2.9,2.81,0
44.1,15.6,31,1,-13,0.1,2.61,0
42.3,16.6,31,0.9,-15.6,0.1,2.44,0
42.3,16.6,31,1,-12.6,0.1,2.42,0
41,17.6,31,1,-13.1,0,2.39,0
43.9,18.4,31,1.1,-13.1,0,3.5,0
44.7,19.5,31,1.1,-12.3,0,3.62,0
45.1,20.2,31,1.1,-12.5,0,3.89,0
47.3,20,31,1.2,-11,0,3.92,0
48.8,19.7,31,1.1,-10.9,0,3.73,0
51.6,19.2,31,1.3,-7.4,0,2.57,0
56,18.2,31,1.2,-9,0,4,0
57.1,17,31,1.2,-7.9,0,5.61,0
62.6,14.1,30.3,1.4,-3.5,0.1,5.71,0
65.5,10.1,27.41,1.2,-1.1,2,3.85,0
66.5,7.5,24.03,1,0.9,3.3,3.88,0
69.2,6.3,22.49,0.9,1.4,4,3.71,0
69.2,6.2,23.45,0.9,0.7,3.7,5.44,0
68.3,6.3,25.25,0.9,-0.8,3,6.19,0
68.5,6.5,26.09,1,-1.5,2.4,5,0
66.4,6.7,27.59,1,-3,1.6,6.05,0
66.5,6.7,28.09,1,-3.6,1,4.14,0
65.7,7,25.57,1,-0.8,2.6,2.58,0
65.8,7.1,25.57,1,-0.7,2.4,3.15,0
64.1,7.4,25.68,1.1,-0.7,2.2,3.07,0
62.9,7.9,27.14,1.2,-1.9,1.3,3.01,0
61.3,9.1,26.96,1.2,-1.1,1.9,2.68,0
60.2,9.9,26.29,1.2,0,2.6,2.61,0
62.4,9.5,25.68,1.2,0.4,2.9,2.38,0
60.2,8.9,24.71,1.2,1,3.2,2.45,0
58,8.9,24.93,1.2,0.8,3.3,2.69,0
58.2,8.8,25.36,1.2,0.3,3.2,2.91,0
58,8.6,25.99,1.3,-0.4,2.7,2.19,0
58,8.3,25.99,1.4,-0.5,2.4,2.15,0
56,8.5,25.88,1.4,-0.3,2.8,2.31,0
55.9,8.7,25.99,1.4,-0.3,2.6,2.31,0
59.3,8.7,25.99,1.4,-0.3,2.7,2.38,0
58.5,8.8,26.09,1.5,-0.4,2.5,2.66,0
56,8.6,25.88,1.5,-0.3,2.6,2.8,0
54.4,8.6,26.09,1.4,-0.5,2.7,3.21,0
52,8.1,26.09,1.4,-0.7,2.6,3.79,0
49.5,8.2,26.19,1.4,-0.8,2.7,4.74,0
50.8,8,26.29,1.3,-1,2.7,3.19,0
50.8,8.1,26.39,1.3,-1,2.8,2.82,0
48.5,8,26.19,1.3,-0.9,2.9,3.33,0
48.8,7.7,26.09,1.3,-0.9,3,3.47,0
51,7.3,25.88,1.3,-0.9,3.1,3.93,0
51.4,7,25.47,1.3,-0.7,3.2,3.99,0
42,15.9,31,1,-12.6,0.1,2.63,0
44.9,16.2,31,1,-13.4,0.1,2.58,0
42.4,17.1,31,1,-13.2,0.1,2.38,0
43.4,17.7,31,1.1,-11.7,0,2.37,0
41.4,18.6,31,1.1,-12,0,2.44,0
43.8,20.3,31,1.2,-11.4,0,3.65,0
41.9,20.6,31,1.1,-12,0,3.79,0
43.3,20.3,31,1,-13.6,0,2.58,0
49.8,19.8,31,1.3,-7.6,0,2.57,0
52.6,18.1,30.94,1.5,-3.9,0,2.52,0
55.7,17.1,31,1.4,-5.7,0,3.92,0
58.5,15,29.83,1.5,-2.1,0.4,5.37,0
63.2,12,27.5,1.4,-0.3,1.9,5.47,0
68.5,8.7,24.6,1.1,1,3.2,5.49,0
69.8,7,22.49,1,1.7,4,3.93,0
70.8,6,20.52,0.9,2,4.6,5.9,0
72.1,5.6,19.24,0.9,2.3,4.8,6.8,0
71.1,6,22.97,0.9,1,4,7.29,0
71.1,6.1,23.33,0.9,0.8,3.7,7.33,0
70.7,6.3,23.91,0.9,0.4,3.5,7.5,0
69.8,6.7,25.04,1,-0.4,2.7,3.93,0
68.1,6.6,25.99,1.1,-1.4,1.7,3.77,0
67,6.8,26.19,1.2,-1.5,1.4,3.68,0
65.2,6.9,26.77,1.3,-2,0.9,4.03,0
66.4,7.4,26.09,1.2,-1.1,1.5,4.52,0
64.8,8.5,26.48,1.2,-0.9,1.8,4.18,0
63,9,27.14,1.3,-1.4,1.6,3.86,0
61.6,8.8,26.68,1.3,-1,1.9,3.88,0
61.5,8.4,24.93,1.1,0.5,3.3,4,0
62.8,8.4,24.37,1.2,1,3.6,3.91,0
59.6,8.6,24.93,1.2,0.6,3.4,3.62,0
58.7,8.2,25.99,1.4,-0.6,2.4,3.53,0
59.6,7.9,25.47,1.4,-0.2,2.6,3.18,0
57.3,8.1,25.04,1.4,0.3,3,2.63,0
57.5,8.4,25.25,1.4,0.2,2.9,2.58,0
56.7,8.3,25.36,1.4,0.1,2.9,2.81,0
59,8,25.36,1.4,-0.1,2.9,3.18,0
58,8.2,25.36,1.4,0,2.9,3.27,0
55.4,8,25.15,1.4,0.1,2.9,3.43,0
55.6,7.4,25.04,1.4,-0.1,2.9,3.4,0
55.7,7.5,25.36,1.4,-0.3,2.9,3.58,0
54.5,7.5,25.68,1.3,-0.6,3,4.67,0
53.3,7.7,25.68,1.3,-0.5,3,4.26,0
54.2,7.7,25.78,1.3,-0.6,3.1,4.22,0
52.5,7.4,25.47,1.3,-0.5,3.2,5.25,0
53.9,7,25.25,1.3,-0.5,3.3,5.45,0
54.5,6.8,25.36,1.2,-0.7,3.5,5.48,0
56.1,6.4,24.71,1.2,-0.3,3.6,5.22,0
42.5,15.8,31,1,-12.1,0.1,2.6,0
42.9,16,31,1.1,-11.7,0.1,2.59,0
42.6,16.9,31,1.1,-12.3,0.1,2.53,0
43.7,17.5,31,1.2,-9.2,0,3.83,0
43.7,17.8,31,1.3,-7,0,2.49,0
43,19.2,31,1.3,-9,0,2.68,0
43,20,31,1.2,-10.5,0,2.31,0
45.1,19.9,31,1.1,-12,0,2.46,0
47.7,19.2,30.99,1.5,-4.1,0,2.58,0
50.2,17.5,30.78,1.5,-3.3,0,2.61,0
53.1,16.3,30.95,1.5,-4.9,0,2.52,0
56.3,14.7,30.98,1.3,-6,0,3.98,0
64.1,10.4,25.99,1.3,0.5,2.5,5.42,0
71.6,7.4,20.52,1,2.7,4.7,6.59,0
72.7,6.3,16.33,0.9,3.7,5.8,6.64,0
74.9,5.6,14.72,0.8,4,6.1,8.46,0
74.9,5,14.72,0.8,3.7,5.9,9.31,0
76.1,5.2,17.66,0.9,2.7,5.1,8.81,0
74.4,5.5,18.19,0.9,2.7,5.1,10.32,0
73.3,5.9,19.75,0.9,2.3,4.6,7.45,0
73.1,6.4,21.52,1,1.8,3.9,5.94,0
70.5,6.4,24.15,1.1,0.2,2.5,5.49,0
69,6.3,25.15,1.3,-0.7,1.7,5.11,0
67.8,6.2,25.04,1.4,-0.7,1.5,5.31,0
66.6,6.6,26.48,1.4,-1.9,0.7,5.86,0
66.8,7.6,25.25,1.4,-0.2,2,5.15,0
65.7,8.5,25.99,1.3,-0.4,2.1,5.11,0
64.5,8.1,26.48,1.3,-1.1,1.8,4.84,0
64.3,8,25.04,1.2,0.2,2.8,4.86,0
63.8,7.9,23.56,1.2,1.5,3.8,4.64,0
61.5,8,24.15,1.2,1,3.5,4.79,0
62.3,7.9,24.26,1.3,0.9,3.4,3.7,0
60.7,7.7,24.49,1.3,0.6,3.2,4.51,0
60.1,8.1,25.04,1.4,0.3,3,5.33,0
58.4,8.1,25.04,1.4,0.3,3,4.76,0
58.2,8,25.25,1.5,0,2.7,4.93,0
58.6,8.1,25.99,1.5,-0.6,2.3,5.48,0
57.4,8.4,25.15,1.4,0.3,3.1,4.64,0
57.5,7.7,24.71,1.5,0.4,3.1,4.53,0
57,6.9,24.26,1.4,0.4,3.2,4.43,0
56.6,7.1,24.71,1.4,0.1,3.2,5.39,0
57.5,7.2,24.93,1.3,-0.1,3.3,5.5,0
58.3,7.4,25.04,1.2,-0.1,3.4,5.76,0
56.5,7.4,25.04,1.2,-0.1,3.4,5.98,0
56.5,7,24.71,1.2,0,3.5,5.97,0
57.4,6.8,24.49,1.2,0.1,3.6,6.15,0
56.6,6.5,24.26,1.2,0.2,3.7,6.13,0
57.8,6.3,24.03,1.2,0.3,4,7.06,0
58.2,5.8,23.09,1.2,0.8,4.1,6.98,0
43.2,15.8,31,1,-11.9,0.1,2.55,0
43.5,15.9,31,1.2,-9.4,0.1,1.36,0
43.3,16.1,31,1.2,-7.5,0.1,2.81,0
44.4,16.9,31,1.3,-7.1,0,3.99,0
43,17.9,31,1.2,-9.6,0,2.08,0
44,17.9,31,1.4,-7.6,0,2.05,0
42.5,18.7,31,1.3,-8.7,0,2.19,0
45.1,19.3,31,1.5,-6.7,0,1.2,0
47.1,17.4,30.41,1.6,-2.2,0.5,1.24,0
50,15.6,30.34,1.5,-2.9,0,1.21,0
51.4,15.1,31,1.4,-6.3,0,2.49,0
60.7,10.7,26.87,1.4,-0.2,1.7,3.8,0
68.7,7.5,21.27,1.1,2.5,4.3,8.09,0
76,6.1,14.45,0.9,4.3,6.5,8.75,0
76.4,6,14.72,0.8,4.2,6.5,10.15,0
77.1,5.1,13.65,0.8,4.1,6.5,11.31,0
79.1,4.6,12.6,0.9,4.3,6.2,11.57,0
79.4,4.4,13.65,0.8,3.8,5.9,11.25,0
78.5,5,17.13,0.8,2.8,5.3,11.1,0
75.4,5.4,17.92,0.9,2.7,4.9,9.03,0
75.1,5.6,18.19,1,2.7,4.6,7.32,0
73.4,5.7,20.77,1,1.8,3.7,8.08,0
72.5,5.7,21.02,1.1,1.7,3.2,6.29,0
71,5.5,23.21,1.2,0.6,2.3,7.08,0
71.5,5.7,23.45,1.3,0.5,2,6.8,0
68.9,6.7,23.33,1.3,1.1,2.6,5.72,0
67.7,7.4,24.49,1.3,0.4,2.4,5.31,0
67,7.3,25.15,1.3,-0.2,2.1,6,0
66.6,7.3,23.68,1.2,1.1,3.2,5.91,0
65.8,7,22.97,1.1,1.5,3.8,6.59,0
65.4,6.8,23.33,1.2,1.1,3.4,5.66,0
62.7,7.4,24.26,1.3,0.6,3.2,6.26,0
61.8,7.8,23.91,1.3,1.1,3.6,6.13,0
61.4,7.9,24.15,1.4,1,3.4,6.36,0
62.1,8.4,24.37,1.4,1,3.3,6.72,0
60.9,8.2,25.04,1.5,0.3,2.8,6.83,0
60.3,7.7,26.09,1.6,-0.9,2,6.97,0
61,7.8,25.88,1.5,-0.7,2.5,5.9,0
60,7.3,25.04,1.5,-0.1,2.9,5.63,0
57.1,6.9,24.03,1.4,0.6,3.3,6.01,0
57.8,6.8,24.03,1.4,0.5,3.4,6.78,0
61.9,7.1,24.6,1.3,0.2,3.5,7.58,0
57.4,7.2,24.6,1.3,0.2,3.5,7.18,0
58.7,6.9,24.37,1.3,0.3,3.5,7.89,0
58.7,6.4,24.26,1.3,0.1,3.4,7.86,0
60.2,5.5,22.49,1.3,1,3.6,7.2,0
60.5,6,23.33,1.2,0.7,3.8,8.01,0
59,6,23.09,1.2,0.9,4,7.98,0
42.7,15.3,31,1.2,-7.8,0.1,2.6,0
43.7,15.5,31,1.3,-6.6,0.1,1.34,0
43.1,15.7,31,1.3,-7.2,0.1,2.76,0
41.8,16,30.91,1.5,-4.8,0.1,2.29,0
41.7,16.6,31,1.4,-7.1,0.1,1.03,0
42.2,17,30.99,1.5,-5.1,0,1.03,0
44.1,17.7,31,1.4,-7,0,2.27,0
45.2,17.6,31,1.4,-6.6,0,2.39,0
47.4,15.8,30.62,1.5,-3.6,0,3.55,0
50.3,13.9,30.41,1.5,-3.9,0,2.38,0
53,12.4,30.25,1.4,-4.3,0,3.56,0
61.9,8,23.21,1.1,1.8,3.6,7.35,0
73.1,5.7,12.07,0.9,5,6.7,9.75,0
77.5,5.4,13.12,0.9,4.5,6.7,10,0
77.3,5.1,13.39,0.8,4.2,6.6,12.55,0
79.1,4.4,11.55,0.8,4.6,7,12.63,0
80,3.9,10.53,0.8,4.7,7,12.89,0
81.7,4.1,11.81,0.8,4.3,6.4,12.13,0
80.4,4.5,14.19,0.9,3.6,5.9,11.51,0
78.4,4.7,13.92,0.9,3.8,5.8,11.27,0
77.9,5,14.72,1,3.7,5.4,9.71,0
76.3,5.3,17.13,1,2.9,4.4,8.59,0
75.1,5.2,19.5,1.1,2,3.2,8.79,0
74,5,21.27,1.2,1.2,2.6,8.13,0
72.3,5.2,22.49,1.3,0.8,2.3,7.99,0
71.5,5.9,23.8,1.3,0.3,2.1,9.13,0
70.4,6.5,24.26,1.3,0.2,2.2,6.92,0
73.1,6.5,22.49,1.2,1.5,3.1,4.83,0
69.3,6.7,22.25,1.1,1.7,3.8,6.42,0
67.2,6.9,22.25,1.1,1.8,4,5.43,0
65.9,6.8,22.49,1.2,1.6,3.8,7.46,0
65.9,6.7,22.97,1.2,1.4,3.9,7.57,0
64.8,7.5,23.45,1.2,1.4,4,7.76,0
63.6,8,23.91,1.3,1.2,3.8,7.96,0
64.6,8.2,24.15,1.3,1.1,3.7,6.68,0
67.5,8,24.37,1.4,0.8,3.5,6.97,0
62.8,7.6,25.47,1.5,-0.4,2.6,7.04,0
62.6,7.2,25.68,1.6,-0.8,2.3,7.29,0
63.2,6.6,23.56,1.4,0.8,3.5,6.7,0
61.5,6.5,23.56,1.4,0.8,3.6,6.64,0
59.9,6.8,24.26,1.4,0.3,3.4,8.14,0
60.6,6.7,24.71,1.3,-0.1,3.2,8.8,0
61.1,6.7,24.82,1.3,-0.2,3.2,9.82,0
62.1,6.5,24.82,1.3,-0.3,3.3,9.22,0
62.8,5.8,23.68,1.2,0.3,3.6,9.01,0
62.5,5.5,22.49,1.2,1,3.9,9.54,0
61.9,5.5,22.01,1.2,1.2,4,8.98,0
63.1,5.6,21.52,1.2,1.4,4.2,8.87,0
42.9,15.1,31,1.3,-7.9,0.2,4.01,0
42.5,14.3,30.98,1.3,-6.2,0.2,4.11,0
42,14.6,30.8,1.4,-4.9,0.2,3.43,0
40.3,15.3,30.82,1.5,-4.6,0.2,2.07,0
41.1,15.6,31,1.4,-7.5,0.1,1.04,0
40.8,16.5,31,1.3,-8.2,0,1.11,0
44.8,16.6,31,1.3,-7.8,0,1.46,0
44.7,16.5,31,1.5,-5.5,0,1.44,0
46.8,14.9,30.91,1.5,-5.3,0,2.93,0
50.5,9.1,26.96,1.4,-1.1,1.9,4.71,0
54.5,7.8,24.37,1.2,0.7,3,7.04,0
65.8,4.9,11.29,1,4.9,6.5,8.35,0
72.2,4.5,9.52,0.9,5.4,7.1,10.56,0
76.8,4.5,11.55,0.9,4.6,6.9,12.92,0
76.7,4.3,11.29,0.9,4.6,6.8,13.21,0
78.7,3.9,10.02,0.9,4.9,7.2,13.29,0
79.1,3.6,9.03,0.9,5.2,7.2,13.5,0
80.9,3.8,10.27,0.9,4.8,6.8,12.75,0
80.2,4.1,12.86,0.9,3.9,6.2,13.76,0
80.4,4.3,12.33,0.9,4.2,6.1,11.99,0
78.7,4.5,12.86,1,4.1,5.8,11.53,0
77.7,4.9,21.02,1.1,1.3,3.7,11.83,0
76.7,4.9,23.33,1.2,0.2,2.4,10.07,0
74.6,5.1,22.49,1.2,0.8,2.6,9.23,0
73.6,5.3,22.73,1.3,0.8,2.4,10.62,0
73,5.6,25.88,1.4,-1.8,0.9,10.57,0
72,5.8,25.68,1.3,-1.5,1.2,10.03,0
71.9,5.8,23.21,1.1,0.7,3,8.7,0
73,6.1,21.27,1.1,1.8,3.9,5.6,0
71.9,6.3,21.52,1.1,1.8,4.2,6.95,0
70.6,6.2,21.77,1.1,1.6,4.1,8.27,0
68.3,6.3,22.01,1.2,1.6,4.1,7.57,0
67.1,6.9,22.73,1.2,1.6,4.2,7.79,0
67.3,7.1,23.56,1.2,1.1,4,7.98,0
66.4,7.5,23.8,1.3,1.1,3.8,8.07,0
69.6,7.4,23.45,1.3,1.3,3.8,7.71,0
67.3,7.4,24.26,1.4,0.6,3.3,8.26,0
69,6.6,23.33,1.4,1,3.6,8.14,0
65.5,6.1,22.49,1.4,1.3,3.7,8.44,0
64.8,6.3,23.91,1.5,0.4,3.2,8.75,0
64.4,6.1,24.93,1.5,-0.6,2.6,9.96,0
65.1,5.9,25.25,1.5,-1,2.5,10.71,0
63.4,6.2,25.47,1.4,-1.1,2.5,11.19,0
64.4,6.3,25.68,1.4,-1.2,2.5,11.19,0
64.7,5.8,23.91,1.3,0.1,3.4,10.9,0
64.6,5.3,21.77,1.2,1.2,4.1,11.12,0
62.6,5.4,20.01,1.2,1.9,4.5,9.61,0
41.1,14.1,30.84,1.4,-5.3,0.2,4.98,0
41.8,13.6,29.61,1.5,-2.4,0.7,3.86,0
41.4,14.1,29.24,1.5,-1.5,1.1,4.15,0
40.3,14.9,30.84,1.5,-4.9,0.2,4.16,0
41.8,15.9,31,1.3,-8.6,0.1,1.18,0
41.3,15.8,31,1.4,-7.9,0.1,1.21,0
42.5,16.5,30.76,1.7,-3.7,0,1.43,0
43.7,14.7,29.24,1.7,-1.2,0.9,2.96,0
45.8,15.2,31,1.5,-7,0,2.86,0
48.8,8.1,24.15,1.3,1.1,3.1,4.7,0
53.9,6.5,21.02,1.2,2.1,4.1,7.29,0
62.9,4.8,14.72,1,3.6,5.9,8.88,0
69.9,3.9,6.27,1,6.5,7.9,10.47,0
73.5,3.9,8.31,0.9,5.6,7.5,13.12,0
74.4,4,8.31,0.9,5.7,7.4,14.26,0
78.6,3.6,7.38,0.9,5.9,7.5,13.82,0
79.7,3.3,7.38,0.9,5.7,7.3,14.22,0
82.2,3.7,8.08,0.9,5.6,7.2,13.15,0
82.8,3.6,9.28,0.9,5.1,6.9,13.71,0
81.1,3.9,13.12,0.9,3.7,6,12.91,0
80.2,3.9,18.19,1,1.9,4.6,11.79,0
79.1,4.4,20.27,1.1,1.3,3.9,12.05,0
77.9,4.7,22.73,1.1,0.5,2.9,10.74,0
77.3,4.9,20.52,1.2,1.5,3.4,11.47,0
76.8,5.2,23.33,1.2,0.3,2.5,11.5,0
75.4,5.2,23.56,1.3,0.1,2.2,11.27,0
74.7,5.6,23.45,1.2,0.4,2.7,10.59,0
74.3,5.8,20.27,1.1,2,3.9,10.37,0
73.2,5.7,21.02,1,1.7,4.4,9.24,0
72.2,5.6,19.75,1.1,2.1,4.5,9.19,0
71.2,5.4,19.5,1.2,2.1,4.4,9.45,0
71.7,5.4,20.27,1.1,1.8,4.4,8.32,0
70.3,6.1,22.01,1.2,1.5,4.1,8.32,0
69.4,6.9,23.33,1.3,1.2,3.8,9.06,0
69.6,7.4,23.8,1.4,1,3.5,9.94,0
68.2,6.8,23.56,1.4,0.9,3.4,9.27,0
68.7,5.9,22.01,1.4,1.4,3.9,9.31,0
68.7,6.1,22.01,1.4,1.5,3.8,9.19,0
69.3,6.8,22.73,1.5,1.5,3.6,9.32,0
67.5,6.9,24.03,1.5,0.6,3.1,9.82,0
67.5,6.4,23.8,1.5,0.5,3.2,10.83,0
64.7,6.2,23.91,1.4,0.3,3.4,11.12,0
64.3,6.1,24.6,1.4,-0.3,2.9,12.14,0
68.5,6.2,24.03,1.3,0.2,3.3,11.68,0
67.9,5.3,23.33,1.3,0.4,3.4,11.7,0
67.9,5.3,22.01,1.2,1.1,3.9,11.65,0
64.9,6,22.97,1.3,1,3.9,11.48,0
64.3,5.5,22.01,1.3,1.2,4.1,10.87,0
65.1,5.1,18.45,1.2,2.4,4.9,9.85,0
40.1,12.2,30.25,1.5,-4.4,0.1,6.45,0
39.7,12.5,30.7,1.4,-5.5,0.2,4.5,0
40.9,12.7,30.38,1.5,-4.4,0.2,5.69,0
38.6,13.8,29.05,1.6,-1.4,1.1,5.08,0
40,16.1,30.99,1.5,-5.6,0.1,2.57,0
39.9,15.7,31,1.2,-10.9,0.1,2.6,0
41.3,17.8,30.88,1.7,-3.7,0.1,3.12,0
43.8,16.4,29.66,1.9,-1.1,0.5,1.26,0
45.4,15.5,31,1.4,-9,0,4.14,0
44.4,10.2,25.88,1.4,0.5,2.4,4.61,0
49.6,7.5,23.33,1.3,1.5,3.6,7.41,0
57.2,5.7,20.52,1.1,1.9,4.6,9.46,0
65.2,4.1,9.28,1,5.3,7.2,12.29,0
68.9,3.7,6.49,1,6.3,7.9,12.83,0
73.4,3.4,6.49,1,6.2,7.8,14.39,0
76.4,3.3,6.49,0.9,6.1,7.7,15.48,0
79.7,2.6,5.85,0.9,6.1,7.6,14.29,0
82.3,2.9,6.49,0.9,5.9,7.4,13.56,0
83,3.1,9.52,0.9,4.7,6.8,13.59,0
82.3,3.4,15.26,1,2.7,5.3,13.72,0
81.5,3.8,14.99,1,3,5.4,12.83,0
81.7,4.3,18.19,1.1,2.1,4.4,11.69,0
80.5,4.5,22.25,1.2,0.6,3,11.46,0
80,4.6,20.52,1.2,1.3,3.3,11.14,0
79,4.8,21.52,1.2,1,3,11.19,0
78.3,5,21.77,1.2,1,2.8,11.55,0
77,5.2,23.09,1.2,0.5,2.7,11.71,0
76.1,5.2,20.52,1.1,1.6,4.1,11.23,0
74.7,5.3,20.01,1.1,1.9,4.5,10.13,0
73.6,4.7,18.98,1.1,2,4.6,9.95,0
73.7,4.4,17.92,1.1,2.2,4.6,8.77,0
72.7,4.4,18.45,1.2,2,4.4,8.86,0
71.7,5.7,22.97,1.3,0.9,3.6,9.36,0
70.4,6.4,23.33,1.4,0.9,3.4,10.73,0
69.7,6.9,23.56,1.4,1,3.4,10.57,0
70.6,6.1,22.97,1.4,1.1,3.5,10.26,0
69.2,5.5,20.77,1.4,1.7,4,9.6,0
71.3,5.8,19.75,1.4,2.2,4.3,9.57,0
71.7,6.5,19.75,1.4,2.6,4.3,9.98,0
69.2,7.9,22.73,1.5,2.1,3.9,10.39,0
69.9,6.8,22.49,1.4,1.6,3.8,11.39,0
66.9,6.2,23.33,1.4,0.8,3.5,12.19,0
66.6,6,23.56,1.4,0.5,3.2,13.11,0
67.1,5.6,20.27,1.3,1.9,4.3,12.04,0
68.6,5.5,21.02,1.3,1.6,4,12.02,0
66.9,5.6,21.27,1.3,1.5,4.1,12.09,0
67.1,5.4,20.52,1.2,1.7,4.4,11.91,0
66.9,5.3,21.27,1.2,1.4,4.3,11.81,0
68.5,4.7,15.26,1.2,3.3,5.4,10.66,0
36.8,11.8,30.86,1.4,-6.6,0.1,5.13,0
38.8,11.3,30.38,1.4,-5.1,0.2,6.11,0
37.8,11.4,30.25,1.5,-4.8,0.2,5.33,0
36.8,11.9,27.23,1.6,0,1.7,5.78,0
36.9,15.5,30.91,1.6,-5,0.1,4.44,0
37.4,16,31,1.2,-12.4,0.1,5.96,0
42,18.1,31,1.6,-5.6,0,1.32,0
41.7,17.7,29.98,1.9,-1,0.3,2.89,0
43.5,16.4,30.34,1.8,-2.5,0,2.98,0
42.5,14.5,30.03,1.7,-2.7,0,2.77,0
46.1,9.5,23.8,1.5,2.1,3.5,6.81,0
51.7,8.1,25.36,1.2,0,3.5,9.22,0
57.7,4.6,19.24,1,1.8,5.5,11.63,0
66.1,3.2,8.79,1,5.1,7.3,13.27,0
72.4,2.8,5.03,1,6.6,7.9,15.24,0
74.9,2.5,6.06,1,5.9,7.6,16.21,0
79.6,2.3,7.15,0.9,5.3,7.3,15.49,0
81.5,2.3,10.53,0.9,3.9,6.4,15.99,0
83.1,2.8,13.92,0.9,2.9,5.8,15.24,0
83.7,3.6,17.92,1,1.8,4.9,15.13,0
84.1,3.6,14.45,1,3.1,5.6,13.28,0
82.9,3.7,18.45,1.1,1.7,4.3,12.74,0
83.1,4.2,22.25,1.1,0.4,3.5,11.95,0
83.3,4.6,21.27,1.1,1,3.4,11.6,0
81.8,4.8,20.77,1.1,1.3,3.6,12.12,0
79.9,5,20.52,1.2,1.5,3.6,12.37,0
79.2,5,22.01,1.1,0.9,3.5,12.4,0
78.4,4.8,21.02,1.1,1.2,4,12.05,0
77.3,4.3,19.5,1.1,1.6,4.2,12.03,0
75.7,4.1,18.19,1.1,2,4.6,11.01,0
76.7,4,17.13,1.1,2.3,4.7,9.5,0
74.4,4.2,18.71,1.2,1.8,4.2,10.95,0
73.3,5.1,21.77,1.3,1.1,3.5,10.61,0
75.3,5.6,22.97,1.4,0.8,3.2,11.94,0
71.9,6,23.45,1.5,0.6,2.9,11.47,0
73,5.6,21.77,1.4,1.3,3.5,10.54,0
76.4,4.8,18.71,1.3,2.1,4.3,9.91,0
72.3,5,17.66,1.3,2.6,4.6,10.02,0
74.1,5.7,18.71,1.3,2.6,4.6,10.36,0
73.1,6,18.45,1.4,2.8,4.5,10.68,0
72.8,6,20.27,1.5,2.1,3.9,11.39,0
69.4,5.7,20.01,1.4,2.1,4.2,11.98,0
69.4,5.2,18.71,1.4,2.3,4.2,12.15,0
69.7,5.3,21.02,1.4,1.5,3.7,12.35,0
69.1,5.9,19.75,1.4,2.3,4.2,12.04,0
68.3,5.5,20.77,1.4,1.7,3.9,12.11,0
68,5.1,20.01,1.3,1.8,4.4,12.59,0
69.1,4.5,17.66,1.1,2.3,5.2,12.01,0
34.4,11.5,30.17,1.5,-4.5,0.1,5.71,0
34.5,11.2,30.3,1.5,-5,0.1,6.77,0
35.6,10.6,29.61,1.5,-3.9,0.1,7.15,0
34.4,11.6,29.18,1.6,-2.7,0.4,9.89,0
34.9,14.3,30.3,1.7,-3.4,0.1,7.79,0
36,16.1,31,1.4,-9.1,0.1,4.59,0
38.6,17.3,30.49,1.8,-2.4,0,2.81,0
38.7,16.1,26.96,2,2.4,1.9,2.8,0
39.9,14.3,24.93,1.9,3.5,2.5,4.16,0
41.2,12.1,21.77,1.8,4.6,3.4,5.3,0
42.3,10,22.73,1.6,3.1,3.4,7.69,0
49.9,7.8,21.27,1.3,2.6,5,8.6,0
54.3,7,24.82,1.1,-0.1,4,11.64,0
64.1,3.1,12.33,1,3.6,6.3,13.99,0
69.8,2.4,8.08,1,5,7,15.7,0
74.3,2,11.04,0.9,3.6,6.4,16.97,0
79.5,2.4,12.33,0.9,3.3,6.4,17.6,0
81.6,2.5,12.86,0.9,3.1,6.2,17.33,0
85,2.7,14.45,0.9,2.6,5.7,17.44,0
84.6,3.2,16.86,0.9,2,5.4,16.08,0
86,3.5,18.19,1,1.7,5,14.88,0
88.2,3.6,18.71,1,1.5,4.5,13.9,0
87.4,4.1,21.52,1,0.7,4,13.35,0
86,4.4,21.77,1.1,0.7,3.4,12.42,0
83,4.9,22.01,1.1,0.9,3.6,12.97,0
82.3,5,21.02,1.1,1.3,3.7,13.54,0
82.5,4.6,22.73,1.2,0.4,3.2,13.66,0
81.4,4.5,22.25,1.2,0.6,3.3,12.52,0
80.8,4,21.27,1.2,0.7,3.6,12.01,0
78.8,3.7,19.75,1.1,1.2,4,11.64,0
76.8,3.3,16.86,1.2,2,4.4,12.2,0
76.2,4.8,18.45,1.2,2.2,4.4,11.54,0
75.8,4.9,20.77,1.3,1.4,3.7,11.44,0
79.1,4.8,22.25,1.4,0.7,3,12.58,0
76.1,4.9,18.98,1.3,2.1,4.1,11.38,0
78.8,4.5,17.39,1.3,2.4,4.4,11.3,0
77.1,4.1,16.06,1.3,2.7,4.6,10.58,0
77.1,4.3,16.59,1.3,2.6,4.5,10.32,0
76.2,4.8,16.86,1.3,2.8,4.7,10.37,0
74.9,5.3,16.86,1.3,3,4.8,10.79,0
74.3,5.7,18.19,1.4,2.8,4.5,11.06,0
74.5,5.9,19.24,1.4,2.5,4.2,11.03,0
70,5.7,22.49,1.6,1.1,2.9,11.75,0
71.4,5.5,19.5,1.5,2.2,3.7,12.11,0
70.4,5.8,17.39,1.4,3.1,4.4,11.67,0
70,5.5,18.71,1.4,2.5,4.3,12.01,0
69.7,4.7,16.33,1.3,2.9,4.8,12.65,0
32,11.6,12.33,1.6,7.9,7.2,4.94,0
29.8,11.1,20.01,1.6,4.8,4.9,6.4,0
29.8,10.5,27.05,1.6,-0.5,1.6,7.04,0
32.3,11.4,25.78,1.6,1.2,2.4,9.74,0
33,13.7,30.12,1.7,-3.3,0.1,8.15,0
33.6,15.2,30.49,1.6,-3.5,0,5.49,0
36.7,15.8,29.55,1.8,-1.2,0.5,2.64,0
37,15.8,26.29,1.9,2.9,2.2,2.66,0
38.4,15.2,25.88,2,3,2.2,2.62,0
33.7,12.6,22.01,1.9,4.7,3.2,3.75,0
45.6,12.1,26.29,1.7,1.1,2.1,7.61,0
51,9.7,24.6,1.5,1.5,3.2,8.92,0
53.2,7.1,24.49,1.3,0.3,3.4,10.5,0
60.7,4.8,20.52,1.1,1.4,4.5,13.2,0
66.3,3.4,17.66,1.1,1.8,4.9,16.45,0
71.9,2.5,18.45,1,1.1,4.8,16.85,0
77.6,2.4,17.66,1,1.3,5,17.15,0
81,2.8,17.39,0.9,1.6,5.2,18.18,0
83.2,3.2,15.79,1,2.4,5.5,18.12,0
85,3.2,17.66,0.9,1.7,5.2,16.42,0
85.6,3.3,20.52,0.9,0.7,4.7,15.4,0
85,3.8,21.27,1,0.6,4.4,14.92,0
86.3,4.3,24.03,1,-0.7,3.4,14.74,0
86,4.6,20.52,1.1,1.3,4.2,13.67,0
84.4,4.4,19.5,1.1,1.6,4.1,14.2,0
85.1,4.5,21.52,1.1,0.9,3.5,14.02,0
83.9,4.3,22.97,1.2,0.2,3,14.28,0
83.4,4.2,22.49,1.2,0.3,3.1,13.75,0
82.6,4.3,21.27,1.2,0.9,3.6,12.6,0
80.2,3.8,18.98,1.1,1.5,4.2,12.16,0
77.4,3.7,18.45,1.1,1.7,4.5,12.69,0
78.7,4.4,17.39,1.2,2.4,4.7,12.29,0
78.2,4.6,18.45,1.3,2.1,4.3,12.59,0
79.9,4.5,18.45,1.3,2.1,4,13.13,0
79.9,4.6,16.59,1.3,2.8,4.5,12.06,0
80.4,4.1,14.99,1.3,3.1,4.7,11.31,0
79.3,3.9,15.79,1.3,2.7,4.6,10.8,0
80.4,3.9,15.79,1.2,2.7,4.8,10.58,0
77.9,4.3,16.06,1.3,2.8,4.7,10.35,0
76.3,5.1,18.71,1.4,2.3,4,11.08,0
75.2,5.5,21.27,1.5,1.5,3.4,10.97,0
73.4,5.9,18.71,1.4,2.7,4.2,10.92,0
73.3,6,16.86,1.5,3.4,4.5,10.57,0
73.1,5.2,21.52,1.6,1.2,3,10.92,0
68.4,5.1,18.45,1.5,2.4,3.8,10.59,0
71.7,4.9,12.6,1.4,4.4,5.3,10.99,0
30.8,12.3,2.75,1.7,12.6,10.8,4.62,0
27.9,11.5,22.49,1.6,4,4.6,6.04,0
28,11.4,24.15,1.6,2.7,3.5,8.72,0
30.3,11.7,26.29,1.7,0.9,2.2,8.49,0
30.5,12.6,27.05,1.7,0.5,1.8,6.23,0
32.1,14.7,29.88,1.8,-2.3,0.2,6.18,0
32.5,15.1,26.87,1.9,2,2,2.52,0
32.9,15.4,25.25,2,3.7,2.6,3.93,0
39.5,15.1,23.8,2,4.9,3.3,5.75,0
41.5,13.9,25.04,1.9,3.2,2.7,4.69,0
45.7,12.6,25.25,1.8,2.3,2.8,8.2,0
50,10.2,25.15,1.6,1.2,2.6,8.42,0
52.4,8.3,23.56,1.5,1.7,3.3,10.99,0
58.6,6.5,22.97,1.4,1.3,3.4,12.33,0
67.3,4.7,20.52,1.3,1.4,4,15.84,0
71.1,3.1,20.52,1.2,0.6,3.8,14.88,0
73.4,2.7,20.77,1.1,0.3,3.9,17.18,0
78.9,2.5,18.45,1.1,1.1,4.4,18.25,0
83.2,3.2,16.86,1,2,5.1,17.85,0
85.4,3.3,17.13,1,1.9,5.2,16.39,0
86.9,3.5,20.27,1,0.9,4.6,15.3,0
91.8,3.8,21.02,1,0.7,4.4,15,0
89.3,4.3,22.73,0.9,0.3,4.5,14.99,0
86.9,4.4,21.27,1,0.9,4.3,15.14,0
87.7,4.2,19.24,1.1,1.6,4.2,9.1,0
86.1,4.2,22.49,1.2,0.3,3.1,15.02,0
85.3,4.2,21.27,1.2,0.8,3.3,13.94,0
84.3,4.2,19.5,1.2,1.5,3.8,14.98,0
82.7,4.1,19.5,1.2,1.5,4,12.13,0
80.9,4,18.71,1.1,1.7,4.3,12.3,0
82.1,4.1,19.5,1.2,1.5,4.2,13.16,0
80.9,3.7,16.59,1.2,2.3,4.6,12.73,0
81.7,4.4,19.75,1.3,1.5,3.9,13.26,0
80.8,4.5,19.24,1.3,1.8,4,12.99,0
82,3.6,14.19,1.3,3.2,4.7,12.32,0
82.7,3.6,13.65,1.3,3.4,4.9,11.14,0
80.3,4,15.52,1.3,2.9,4.6,10.85,0
79.5,4.2,16.06,1.3,2.8,4.6,10.54,0
80.9,4.6,14.19,1.2,3.7,5.3,10.2,0
79.2,5.4,16.59,1.4,3.2,4.5,10.52,0
76.5,6,16.06,1.4,3.7,4.9,10.76,0
76,5.8,15.26,1.3,3.9,5.3,9.85,0
75.2,5.5,14.99,1.4,3.8,4.8,10.13,0
71.1,5,18.71,1.5,2.2,3.7,10.7,0
75.2,4.8,13.39,1.4,4.1,5.2,9.32,0
68.5,4,8.55,1.4,5.6,6.2,10.39,0
28.3,12.5,1.78,1.8,13.4,11.5,8.21,0
25.5,12.2,15.52,1.7,7,6.6,9.9,0
26.6,11.8,26.68,1.7,0.5,2.2,7.3,0
26.9,12.6,27.76,1.7,-0.3,1.5,6.67,0
29.1,13.3,28.48,1.8,-0.8,1.1,7.65,0
30.9,13.4,26.96,1.8,1,1.9,4.34,0
30.3,13.6,24.15,1.9,3.8,3,3.91,0
33.3,14.6,17.13,2,7.6,4.9,5.42,0
33,14.9,14.99,2.1,8.5,5.6,6.57,0
39.1,15.1,22.49,2,5.8,4.4,6.06,0
43.5,12.8,22.25,1.8,4.7,4.2,10.43,0
50.5,10.1,21.02,1.7,3.9,3.9,11.98,0
56.2,9,21.52,1.7,3.1,3.7,11.92,0
58.1,7.8,23.45,1.6,1.5,2.8,11.06,0
63.5,5.9,23.45,1.5,0.6,2.8,13.88,0
72.3,3.9,21.27,1.3,0.7,3.6,15.61,0
73.6,3.1,18.71,1.2,1.3,4.3,16.25,0
79.1,3.1,18.98,1.1,1.2,4.2,15.96,0
82.3,3.1,18.71,1.1,1.3,4.3,17.1,0
86.1,3.2,18.45,1.1,1.4,4.5,15.45,0
89.7,3.6,16.86,1,2.2,5.1,14.79,0
91.2,4,19.24,1,1.5,4.7,14.81,0
88.3,3.9,22.25,0.9,0.3,4.5,14.49,0
87.9,4.1,20.27,1.1,1.2,4.2,14.66,0
87.4,4.3,20.27,1.1,1.3,4.1,14.84,0
86.4,4.1,20.77,1.2,1,3.7,14.91,0
85.5,3.6,17.66,1.1,1.9,4.2,14.32,0
84.2,4,17.13,1.2,2.3,4.4,13.25,0
82.7,3.9,16.33,1.1,2.5,4.7,12.71,0
83.2,3.4,16.59,1.1,2.2,4.7,12.87,0
81.3,3.5,16.06,1.1,2.4,4.9,13.75,0
81.2,3.6,16.33,1.1,2.4,4.8,13.99,0
81.4,3.7,19.24,1.2,1.4,3.9,13.97,0
82.2,3.4,17.13,1.3,2,3.8,13.51,0
82.8,3.6,12.6,1.3,3.8,4.9,12.44,0
82.1,3.9,12.86,1.3,3.8,4.8,11.12,0
82.2,4.4,14.72,1.4,3.4,4.5,10.74,0
80.6,5.1,14.45,1.3,3.8,4.8,9.66,0
80.2,5.3,17.66,1.4,2.7,3.8,9.7,0
79.8,5.7,14.99,1.4,3.9,4.4,9.42,0
77.5,6.4,13.92,1.4,4.7,5.1,9.3,0
75.8,6.4,13.39,1.4,4.9,5.3,9.38,0
75.4,6,15.52,1.5,3.9,4.5,9.75,0
72.1,5,11.55,1.5,4.9,5.3,9.2,0
25.7,11.5,1.66,1.8,13,11.4,13.46,0
23.4,11.9,17.66,1.7,6,5.9,13.77,0
24.9,11.7,24.93,1.7,2.2,3.1,7.17,0
25.4,11.9,24.26,1.8,2.9,3.4,8.73,0
28.2,12.1,24.49,1.8,2.8,3.1,7.33,0
30.3,12.2,13.12,2,7.9,5.7,7.54,0
30.8,12.7,11.55,2.1,8.7,5.8,6.57,0
30.6,13.9,20.77,2,5.9,4.3,7.05,0
34.7,13.7,14.19,2.1,8.2,5.5,7.99,0
37.9,14.2,15.52,2.1,8,5.6,9.92,0
41,13,24.03,1.9,3.6,3.4,10.17,0
50.8,11,21.27,1.8,4.2,3.8,10.91,0
56.4,9.3,20.77,1.7,3.6,3.7,12.47,0
61.4,7.9,21.02,1.6,2.8,3.6,13.83,0
67.4,6.4,19.75,1.4,2.5,4.3,14.85,0
75.5,4.3,12.33,1.3,4.2,5.7,14.85,0
75.3,3.5,13.12,1.2,3.5,5.4,13.75,0
79.1,3.5,13.12,1.2,3.5,5.3,13.83,0
86.4,3.3,15.26,1.2,2.6,4.7,14.47,0
86.3,3.3,16.06,1.2,2.3,4.7,14.85,0
92,3.6,14.19,1.1,3.2,5.4,13.95,0
90.8,3.7,19.24,1.1,1.4,4.2,14.11,0
89.4,4.1,19.75,1.1,1.4,4.4,14.13,0
90.2,4.2,18.45,1.1,1.9,4.5,14.38,0
88.8,3.9,20.01,1.1,1.2,4.1,14.5,0
88,3.9,24.37,1.3,-1.2,2.3,14.86,0
86.4,3.5,22.01,1.2,0.2,3.1,13.98,0
84.2,3.4,15.79,1.1,2.5,4.7,13,0
81.7,2.7,14.45,1.2,2.6,4.8,12.95,0
79.7,3.5,18.98,1.2,1.4,4,13.05,0
81.1,3.8,16.33,1.2,2.5,4.8,14.27,0
80.9,4,15.52,1.2,2.9,4.9,14.3,0
82.5,3.9,18.98,1.4,1.6,3.6,14,0
80.8,3.6,17.92,1.4,1.8,3.5,13.19,0
80.7,4.1,12.6,1.4,4,4.8,11.52,0
82.4,4.2,11.55,1.3,4.5,5.1,10.49,0
80.6,4.9,11.29,1.4,4.9,5.2,9.15,0
78.9,5.7,12.33,1.4,4.9,5.3,8.93,0
78.6,6,13.92,1.4,4.5,4.8,8.76,0
76.4,7.3,13.12,1.4,5.4,5.4,8.25,0
74.9,6.9,11.81,1.5,5.7,5.4,8.1,0
75.8,6.5,11.29,1.5,5.7,5.5,8.53,0
76.2,6,10.53,1.6,5.8,5.6,8.52,0
76.1,5.4,8.31,1.5,6.4,6.3,7.62,0
24,11.8,1.54,1.9,13.3,11.6,13.95,0
22.7,12.1,14.45,1.8,7.3,6.9,19.8,0
23.2,12.4,21.27,1.8,4.9,4.9,18.58,0
27.8,12.3,20.77,1.8,5.1,4.8,11.81,0
28.2,12.1,22.49,1.8,4.3,4.2,6.57,0
29.5,11.2,11.55,2,8,5.6,7.27,0
31.3,12.3,10.53,2.1,8.9,6,7.79,0
32.2,13,16.59,2,7,5.2,8.93,0
37.2,13.4,9.28,2.2,10,6.6,9.75,0
38,13,21.52,2,5.1,4.3,9.22,0
41.2,12.8,21.52,2,5,4.3,11.81,0
49.1,11.8,21.02,1.9,4.7,4,13.17,0
56.5,10,16.86,1.9,5.4,4.4,11.94,0
61,8.4,20.01,1.7,3.4,3.9,12.66,0
68.9,6.5,18.19,1.4,3.2,4.7,13.35,0
75.8,4.5,10.27,1.3,5.1,6.1,13.3,0
76.4,4,10.53,1.3,4.8,6,12.05,0
79.8,3.9,9.03,1.3,5.3,6.1,14.26,0
87.2,3.9,12.07,1.3,4.1,5.3,12.72,0
87.1,3.5,10.02,1.2,4.7,5.8,12.88,0
89.2,3.2,13.65,1.2,3.2,5.1,12.75,0
88.6,3.8,14.19,1.2,3.3,4.9,12.08,0
90.9,4,15.26,1.1,3,4.9,12.15,0
89.3,4.1,15.79,1.2,2.8,4.7,12.36,0
88,3.9,17.39,1.2,2.1,4.4,12.82,0
87.4,3.9,17.66,1.2,2,4.4,14.5,0
85.1,3.6,16.86,1.1,2.2,4.5,14.13,0
82.5,3.4,16.06,1.2,2.4,4.5,12.6,0
80.4,2.8,14.19,1.2,2.8,4.8,12.21,0
